index,Unassigned;__,k__Bacteria;__,k__Bacteria;p__,k__Bacteria;p__Actinobacteria,k__Bacteria;p__Bacteroidetes,k__Bacteria;p__Chloroflexi,k__Bacteria;p__Cyanobacteria,k__Bacteria;p__Deferribacteres,k__Bacteria;p__Firmicutes,k__Bacteria;p__OD1,k__Bacteria;p__OP9,k__Bacteria;p__Proteobacteria,k__Bacteria;p__TM7,k__Bacteria;p__Tenericutes,BarcodeSequence,LinkerPrimerSequence,Together,AliquotID,AliquotWeight,AliquotWeightUnit,AnimalSubjectID,AnimalWeight,BirthDate,Sex,SpecimenBodySite,UberonCodeBodySite,Company,ProductCode,ProductName,ChowEndDate,ChowStartDate,Biome,CollectionSiteName,CollectionSiteTechnician,Depth,Elevation,Environment,Feature,Latitude,Longitude,Material,ExperimentName,FacilityLocation,FacilityName,NumberOfCageCompanions,TankID,TankMaterial,TankShape,TypeOfBedding,TypeOfFacility,TypeOfHousing,Housing,HousingEndDate,HousingStartDate,BreedingProgram,EnvironmentalEnrichment,LightDarkCycle,Temperature,ContactEmail,ContactName,PrimaryInvestigator,ExampleMetaData,Separate,DaysSinceExperimentStart,RawDataNotes,RawDataDatePerformed,RawDataProcessor,RawDataProtocolID,FinishingStrategyCoverage,FinishingStrategyStatus,NumberOfContigs,Primer,RawDataConditions,SequencingMethod,TargetGene,ResultID,ResultsLocation,ResultsDatePerformed,ResultsProcessor,ResultsProtocolID,ResultsMethod,ResultsTool,ResultsToolVersion,MmedsSampleID,SampleWeight,SampleWeightUnit,SampleDatePerformed,SampleProcessor,SampleProtocolID,SampleProtocolNotes,SampleConditions,SampleTool,SampleToolVersion,SpeciesName,SpecimenCollectionDate,SpecimenCollectionMethod,SpecimenCollectionTime,SpecimenID,SpecimenNotes,SpecimenWeight,SpecimenWeightUnit,StorageFreezer,StorageInstitution,StrainID,StrainName,Strain,StrainProducer,RelevantLinks,StudyName,StudyType,SubjectType,SpecimenType,UberonCodeType,VendorLocation,VendorName,VendorStrainInfo,HousingStrainSubgroup
CG138-138,0.0,376.0,0.0,4.0,2544.0,0.0,0.0,46.0,10290.0,76.0,0.0,1612.0,225.0,93.0,GGTCAAAA,ACTGCAACATAGTAACAAC,138,nan,nan,nan,CG138-138,nan,4/20/2014,M,mesenteric lymph nodes,nan,nan,nan,nan,nan,nan,nan,nan,nan,nan,nan,nan,nan,nan,nan,nan,nan,nan,nan,nan,814502,nan,nan,nan,nan,Littermate,Littermate,nan,nan,nan,nan,nan,nan,acerutti@imim.es,Andrea Cerutti,Andrea Cerutti,nan,All,nan,16S of mouse gut metagenome,nan,nan,138,nan,nan,nan,nan,nan,AMPLICON,16S,nan,nan,nan,nan,138,nan,nan,nan,138,nan,nan,nan,nan,138,nan,nan,nan,nan,nan,nan,nan,nan,138,nan,nan,nan,nan,nan,nan,WT,WT,nan,nan,IgA_IgG_vaccine_response,nan,Animal,tissue,nan,nan,nan,nan,Littermate_WT
CG139-139,0.0,1045.0,0.0,0.0,0.0,0.0,0.0,0.0,31.0,310.0,0.0,4034.0,0.0,0.0,ATCGATTA,TGCCGCGCAGACGGAATGT,139,nan,nan,nan,CG139-139,nan,4/20/2014,M,mesenteric lymph nodes,nan,nan,nan,nan,nan,nan,nan,nan,nan,nan,nan,nan,nan,nan,nan,nan,nan,nan,nan,nan,814502,nan,nan,nan,nan,Littermate,Littermate,nan,nan,nan,nan,nan,nan,acerutti@imim.es,Andrea Cerutti,Andrea Cerutti,nan,All,nan,16S of mouse gut metagenome,nan,nan,139,nan,nan,nan,nan,nan,AMPLICON,16S,nan,nan,nan,nan,139,nan,nan,nan,139,nan,nan,nan,nan,139,nan,nan,nan,nan,nan,nan,nan,nan,139,nan,nan,nan,nan,nan,nan,WT,WT,nan,nan,IgA_IgG_vaccine_response,nan,Animal,tissue,nan,nan,nan,nan,Littermate_WT
CG140-140,0.0,330.0,0.0,5.0,0.0,0.0,20.0,0.0,87.0,70.0,0.0,2309.0,0.0,0.0,CGCTGGAT,GAGGTCTGTCTAGCATGCT,140,nan,nan,nan,CG140-140,nan,5/3/2014,F,mesenteric lymph nodes,nan,nan,nan,nan,nan,nan,nan,nan,nan,nan,nan,nan,nan,nan,nan,nan,nan,nan,nan,nan,814506,nan,nan,nan,nan,Littermate,Littermate,nan,nan,nan,nan,nan,nan,acerutti@imim.es,Andrea Cerutti,Andrea Cerutti,nan,All,nan,16S of mouse gut metagenome,nan,nan,140,nan,nan,nan,nan,nan,AMPLICON,16S,nan,nan,nan,nan,140,nan,nan,nan,140,nan,nan,nan,nan,140,nan,nan,nan,nan,nan,nan,nan,nan,140,nan,nan,nan,nan,nan,nan,WT,WT,nan,nan,IgA_IgG_vaccine_response,nan,Animal,tissue,nan,nan,nan,nan,Littermate_WT
CG141-141,0.0,310.0,0.0,0.0,0.0,0.0,0.0,0.0,13.0,34.0,0.0,1303.0,0.0,0.0,ATGGTTAG,GAAGGACTCTGAAGCGGCC,141,nan,nan,nan,CG141-141,nan,4/7/2014,M,mesenteric lymph nodes,nan,nan,nan,nan,nan,nan,nan,nan,nan,nan,nan,nan,nan,nan,nan,nan,nan,nan,nan,nan,814618,nan,nan,nan,nan,Littermate,Littermate,nan,nan,nan,nan,nan,nan,acerutti@imim.es,Andrea Cerutti,Andrea Cerutti,nan,All,nan,16S of mouse gut metagenome,nan,nan,141,nan,nan,nan,nan,nan,AMPLICON,16S,nan,nan,nan,nan,141,nan,nan,nan,141,nan,nan,nan,nan,141,nan,nan,nan,nan,nan,nan,nan,nan,141,nan,nan,nan,nan,nan,nan,WT,WT,nan,nan,IgA_IgG_vaccine_response,nan,Animal,tissue,nan,nan,nan,nan,Littermate_WT
CG142-142,0.0,631.0,0.0,5.0,59.0,0.0,0.0,20.0,311.0,56.0,0.0,1183.0,9.0,0.0,CTCACGGG,CGGGTCTCCTCCACGAGTT,142,nan,nan,nan,CG142-142,nan,5/11/2014,M,mesenteric lymph nodes,nan,nan,nan,nan,nan,nan,nan,nan,nan,nan,nan,nan,nan,nan,nan,nan,nan,nan,nan,nan,814523,nan,nan,nan,nan,Littermate,Littermate,nan,nan,nan,nan,nan,nan,acerutti@imim.es,Andrea Cerutti,Andrea Cerutti,nan,All,nan,16S of mouse gut metagenome,nan,nan,142,nan,nan,nan,nan,nan,AMPLICON,16S,nan,nan,nan,nan,142,nan,nan,nan,142,nan,nan,nan,nan,142,nan,nan,nan,nan,nan,nan,nan,nan,142,nan,nan,nan,nan,nan,nan,WT,WT,nan,nan,IgA_IgG_vaccine_response,nan,Animal,tissue,nan,nan,nan,nan,Littermate_WT
CG143-143,0.0,621.0,0.0,0.0,0.0,0.0,0.0,0.0,0.0,129.0,0.0,767.0,0.0,0.0,TTGTCACG,CGAGCCCATGACCGACATC,143,nan,nan,nan,CG143-143,nan,5/11/2014,M,mesenteric lymph nodes,nan,nan,nan,nan,nan,nan,nan,nan,nan,nan,nan,nan,nan,nan,nan,nan,nan,nan,nan,nan,814523,nan,nan,nan,nan,Littermate,Littermate,nan,nan,nan,nan,nan,nan,acerutti@imim.es,Andrea Cerutti,Andrea Cerutti,nan,All,nan,16S of mouse gut metagenome,nan,nan,143,nan,nan,nan,nan,nan,AMPLICON,16S,nan,nan,nan,nan,143,nan,nan,nan,143,nan,nan,nan,nan,143,nan,nan,nan,nan,nan,nan,nan,nan,143,nan,nan,nan,nan,nan,nan,WT,WT,nan,nan,IgA_IgG_vaccine_response,nan,Animal,tissue,nan,nan,nan,nan,Littermate_WT
CG151-151,0.0,2295.0,0.0,0.0,33.0,0.0,0.0,0.0,0.0,276.0,0.0,5166.0,0.0,0.0,AATAAGTA,ATGGGATGTGATGGACGAA,151,nan,nan,nan,CG151-151,nan,6/7/2014,F,mesenteric lymph nodes,nan,nan,nan,nan,nan,nan,nan,nan,nan,nan,nan,nan,nan,nan,nan,nan,nan,nan,nan,nan,828814,nan,nan,nan,nan,non-co-housed,non-co-housed,nan,nan,nan,nan,nan,nan,acerutti@imim.es,Andrea Cerutti,Andrea Cerutti,nan,All,nan,16S of mouse gut metagenome,nan,nan,151,nan,nan,nan,nan,nan,AMPLICON,16S,nan,nan,nan,nan,151,nan,nan,nan,151,nan,nan,nan,nan,151,nan,nan,nan,nan,nan,nan,nan,nan,151,nan,nan,nan,nan,nan,nan,WT,WT,nan,nan,IgA_IgG_vaccine_response,nan,Animal,tissue,nan,nan,nan,nan,non-co-housed_WT
CG152-152,0.0,1005.0,0.0,0.0,0.0,0.0,0.0,0.0,51.0,52.0,0.0,5030.0,0.0,0.0,AGTGCCGA,TAGCCCGAAAGGCTATACA,152,nan,nan,nan,CG152-152,nan,6/7/2014,F,mesenteric lymph nodes,nan,nan,nan,nan,nan,nan,nan,nan,nan,nan,nan,nan,nan,nan,nan,nan,nan,nan,nan,nan,828814,nan,nan,nan,nan,non-co-housed,non-co-housed,nan,nan,nan,nan,nan,nan,acerutti@imim.es,Andrea Cerutti,Andrea Cerutti,nan,All,nan,16S of mouse gut metagenome,nan,nan,152,nan,nan,nan,nan,nan,AMPLICON,16S,nan,nan,nan,nan,152,nan,nan,nan,152,nan,nan,nan,nan,152,nan,nan,nan,nan,nan,nan,nan,nan,152,nan,nan,nan,nan,nan,nan,WT,WT,nan,nan,IgA_IgG_vaccine_response,nan,Animal,tissue,nan,nan,nan,nan,non-co-housed_WT
CG153-153,0.0,4154.0,0.0,76.0,1173.0,0.0,19.0,0.0,3517.0,302.0,0.0,9227.0,0.0,0.0,ATGAGGTC,CGGTAATAGGGCTGTGACA,153,nan,nan,nan,CG153-153,nan,6/7/2014,F,mesenteric lymph nodes,nan,nan,nan,nan,nan,nan,nan,nan,nan,nan,nan,nan,nan,nan,nan,nan,nan,nan,nan,nan,828814,nan,nan,nan,nan,non-co-housed,non-co-housed,nan,nan,nan,nan,nan,nan,acerutti@imim.es,Andrea Cerutti,Andrea Cerutti,nan,All,nan,16S of mouse gut metagenome,nan,nan,153,nan,nan,nan,nan,nan,AMPLICON,16S,nan,nan,nan,nan,153,nan,nan,nan,153,nan,nan,nan,nan,153,nan,nan,nan,nan,nan,nan,nan,nan,153,nan,nan,nan,nan,nan,nan,WT,WT,nan,nan,IgA_IgG_vaccine_response,nan,Animal,tissue,nan,nan,nan,nan,non-co-housed_WT
CG154-154,0.0,5510.0,11.0,1097.0,510.0,97.0,20.0,0.0,1542.0,570.0,10.0,8168.0,18.0,0.0,CGTTCCTC,AGATCCCGTGAGGTGGATA,154,nan,nan,nan,CG154-154,nan,2/22/2015,M,mesenteric lymph nodes,nan,nan,nan,nan,nan,nan,nan,nan,nan,nan,nan,nan,nan,nan,nan,nan,nan,nan,nan,nan,899781,nan,nan,nan,nan,non-co-housed,non-co-housed,nan,nan,nan,nan,nan,nan,acerutti@imim.es,Andrea Cerutti,Andrea Cerutti,nan,All,nan,16S of mouse gut metagenome,nan,nan,154,nan,nan,nan,nan,nan,AMPLICON,16S,nan,nan,nan,nan,154,nan,nan,nan,154,nan,nan,nan,nan,154,nan,nan,nan,nan,nan,nan,nan,nan,154,nan,nan,nan,nan,nan,nan,WT,WT,nan,nan,IgA_IgG_vaccine_response,nan,Animal,tissue,nan,nan,nan,nan,non-co-housed_WT
CG155-155,0.0,966.0,0.0,0.0,131.0,0.0,0.0,0.0,126.0,155.0,0.0,3817.0,0.0,0.0,GGACACCA,AGTTAACAACCCGGCTGAA,155,nan,nan,nan,CG155-155,nan,2/22/2015,M,mesenteric lymph nodes,nan,nan,nan,nan,nan,nan,nan,nan,nan,nan,nan,nan,nan,nan,nan,nan,nan,nan,nan,nan,899781,nan,nan,nan,nan,non-co-housed,non-co-housed,nan,nan,nan,nan,nan,nan,acerutti@imim.es,Andrea Cerutti,Andrea Cerutti,nan,All,nan,16S of mouse gut metagenome,nan,nan,155,nan,nan,nan,nan,nan,AMPLICON,16S,nan,nan,nan,nan,155,nan,nan,nan,155,nan,nan,nan,nan,155,nan,nan,nan,nan,nan,nan,nan,nan,155,nan,nan,nan,nan,nan,nan,WT,WT,nan,nan,IgA_IgG_vaccine_response,nan,Animal,tissue,nan,nan,nan,nan,non-co-housed_WT
CG156-156,0.0,1963.0,0.0,59.0,0.0,0.0,0.0,0.0,449.0,263.0,0.0,4669.0,0.0,0.0,AGGACTCA,GACCAGAGTCTTTTGTCCT,156,nan,nan,nan,CG156-156,nan,2/22/2015,M,mesenteric lymph nodes,nan,nan,nan,nan,nan,nan,nan,nan,nan,nan,nan,nan,nan,nan,nan,nan,nan,nan,nan,nan,899781,nan,nan,nan,nan,non-co-housed,non-co-housed,nan,nan,nan,nan,nan,nan,acerutti@imim.es,Andrea Cerutti,Andrea Cerutti,nan,All,nan,16S of mouse gut metagenome,nan,nan,156,nan,nan,nan,nan,nan,AMPLICON,16S,nan,nan,nan,nan,156,nan,nan,nan,156,nan,nan,nan,nan,156,nan,nan,nan,nan,nan,nan,nan,nan,156,nan,nan,nan,nan,nan,nan,WT,WT,nan,nan,IgA_IgG_vaccine_response,nan,Animal,tissue,nan,nan,nan,nan,non-co-housed_WT
CG157-157,0.0,4290.0,0.0,79.0,159.0,0.0,0.0,0.0,587.0,753.0,0.0,9013.0,0.0,0.0,TGATGCAC,AAAGATGTACCCACGTGGT,157,nan,nan,nan,CG157-157,nan,2/26/2015,M,mesenteric lymph nodes,nan,nan,nan,nan,nan,nan,nan,nan,nan,nan,nan,nan,nan,nan,nan,nan,nan,nan,nan,nan,899773,nan,nan,nan,nan,non-co-housed,non-co-housed,nan,nan,nan,nan,nan,nan,acerutti@imim.es,Andrea Cerutti,Andrea Cerutti,nan,All,nan,16S of mouse gut metagenome,nan,nan,157,nan,nan,nan,nan,nan,AMPLICON,16S,nan,nan,nan,nan,157,nan,nan,nan,157,nan,nan,nan,nan,157,nan,nan,nan,nan,nan,nan,nan,nan,157,nan,nan,nan,nan,nan,nan,WT,WT,nan,nan,IgA_IgG_vaccine_response,nan,Animal,tissue,nan,nan,nan,nan,non-co-housed_WT
CG158-158,7.0,4303.0,34.0,0.0,3.0,0.0,0.0,0.0,208.0,627.0,0.0,8182.0,0.0,0.0,CGCTATAG,CGCTAGAACGAAGTTAGTT,158,nan,nan,nan,CG158-158,nan,2/26/2015,M,mesenteric lymph nodes,nan,nan,nan,nan,nan,nan,nan,nan,nan,nan,nan,nan,nan,nan,nan,nan,nan,nan,nan,nan,899773,nan,nan,nan,nan,non-co-housed,non-co-housed,nan,nan,nan,nan,nan,nan,acerutti@imim.es,Andrea Cerutti,Andrea Cerutti,nan,All,nan,16S of mouse gut metagenome,nan,nan,158,nan,nan,nan,nan,nan,AMPLICON,16S,nan,nan,nan,nan,158,nan,nan,nan,158,nan,nan,nan,nan,158,nan,nan,nan,nan,nan,nan,nan,nan,158,nan,nan,nan,nan,nan,nan,WT,WT,nan,nan,IgA_IgG_vaccine_response,nan,Animal,tissue,nan,nan,nan,nan,non-co-housed_WT
CG159-159,0.0,13394.0,74.0,172.0,250.0,0.0,0.0,0.0,779.0,1649.0,0.0,13276.0,0.0,0.0,GCCCCTAT,GGATTCACGTATGGCCTTA,159,nan,nan,nan,CG159-159,nan,3/1/2015,M,mesenteric lymph nodes,nan,nan,nan,nan,nan,nan,nan,nan,nan,nan,nan,nan,nan,nan,nan,nan,nan,nan,nan,nan,899774,nan,nan,nan,nan,non-co-housed,non-co-housed,nan,nan,nan,nan,nan,nan,acerutti@imim.es,Andrea Cerutti,Andrea Cerutti,nan,All,nan,16S of mouse gut metagenome,nan,nan,159,nan,nan,nan,nan,nan,AMPLICON,16S,nan,nan,nan,nan,159,nan,nan,nan,159,nan,nan,nan,nan,159,nan,nan,nan,nan,nan,nan,nan,nan,159,nan,nan,nan,nan,nan,nan,WT,WT,nan,nan,IgA_IgG_vaccine_response,nan,Animal,tissue,nan,nan,nan,nan,non-co-housed_WT
CG160-160,0.0,1174.0,0.0,0.0,0.0,0.0,0.0,0.0,64.0,368.0,0.0,2544.0,0.0,0.0,CGCGTTTG,GGAGGCCATATGACTTTTA,160,nan,nan,nan,CG160-160,nan,3/1/2015,M,mesenteric lymph nodes,nan,nan,nan,nan,nan,nan,nan,nan,nan,nan,nan,nan,nan,nan,nan,nan,nan,nan,nan,nan,899774,nan,nan,nan,nan,non-co-housed,non-co-housed,nan,nan,nan,nan,nan,nan,acerutti@imim.es,Andrea Cerutti,Andrea Cerutti,nan,All,nan,16S of mouse gut metagenome,nan,nan,160,nan,nan,nan,nan,nan,AMPLICON,16S,nan,nan,nan,nan,160,nan,nan,nan,160,nan,nan,nan,nan,160,nan,nan,nan,nan,nan,nan,nan,nan,160,nan,nan,nan,nan,nan,nan,WT,WT,nan,nan,IgA_IgG_vaccine_response,nan,Animal,tissue,nan,nan,nan,nan,non-co-housed_WT
