index,Unassigned,k__Bacteria,BarcodeSequence,LinkerPrimerSequence,Together,AliquotID,AliquotWeight,AliquotWeightUnit,AnimalSubjectID,AnimalWeight,BirthDate,Sex,SpecimenBodySite,UberonCodeBodySite,Company,ProductCode,ProductName,ChowEndDate,ChowStartDate,Biome,CollectionSiteName,CollectionSiteTechnician,Depth,Elevation,Environment,Feature,Latitude,Longitude,Material,ExperimentName,FacilityLocation,FacilityName,NumberOfCageCompanions,TankID,TankMaterial,TankShape,TypeOfBedding,TypeOfFacility,TypeOfHousing,Housing,HousingEndDate,HousingStartDate,BreedingProgram,EnvironmentalEnrichment,LightDarkCycle,Temperature,ContactEmail,ContactName,PrimaryInvestigator,ExampleMetaData,Separate,DaysSinceExperimentStart,RawDataNotes,RawDataDatePerformed,RawDataProcessor,RawDataProtocolID,FinishingStrategyCoverage,FinishingStrategyStatus,NumberOfContigs,Primer,RawDataConditions,SequencingMethod,TargetGene,ResultID,ResultsLocation,ResultsDatePerformed,ResultsProcessor,ResultsProtocolID,ResultsMethod,ResultsTool,ResultsToolVersion,MmedsSampleID,SampleWeight,SampleWeightUnit,SampleDatePerformed,SampleProcessor,SampleProtocolID,SampleProtocolNotes,SampleConditions,SampleTool,SampleToolVersion,SpeciesName,SpecimenCollectionDate,SpecimenCollectionMethod,SpecimenCollectionTime,SpecimenID,SpecimenNotes,SpecimenWeight,SpecimenWeightUnit,StorageFreezer,StorageInstitution,StrainID,StrainName,Strain,StrainProducer,RelevantLinks,StudyName,StudyType,SubjectType,SpecimenType,UberonCodeType,VendorLocation,VendorName,VendorStrainInfo,HousingStrainSubgroup
CG138-138,0.0,16119.0,GGTCAAAA,ACTGCAACATAGTAACAAC,138,nan,nan,nan,CG138-138,nan,4/20/2014,M,mesenteric lymph nodes,nan,nan,nan,nan,nan,nan,nan,nan,nan,nan,nan,nan,nan,nan,nan,nan,nan,nan,nan,nan,814502,nan,nan,nan,nan,Littermate,Littermate,nan,nan,nan,nan,nan,nan,acerutti@imim.es,Andrea Cerutti,Andrea Cerutti,nan,All,nan,16S of mouse gut metagenome,nan,nan,138,nan,nan,nan,nan,nan,AMPLICON,16S,nan,nan,nan,nan,138,nan,nan,nan,138,nan,nan,nan,nan,138,nan,nan,nan,nan,nan,nan,nan,nan,138,nan,nan,nan,nan,nan,nan,WT,WT,nan,nan,IgA_IgG_vaccine_response,nan,Animal,tissue,nan,nan,nan,nan,Littermate_WT
CG139-139,0.0,5317.0,ATCGATTA,TGCCGCGCAGACGGAATGT,139,nan,nan,nan,CG139-139,nan,4/20/2014,M,mesenteric lymph nodes,nan,nan,nan,nan,nan,nan,nan,nan,nan,nan,nan,nan,nan,nan,nan,nan,nan,nan,nan,nan,814502,nan,nan,nan,nan,Littermate,Littermate,nan,nan,nan,nan,nan,nan,acerutti@imim.es,Andrea Cerutti,Andrea Cerutti,nan,All,nan,16S of mouse gut metagenome,nan,nan,139,nan,nan,nan,nan,nan,AMPLICON,16S,nan,nan,nan,nan,139,nan,nan,nan,139,nan,nan,nan,nan,139,nan,nan,nan,nan,nan,nan,nan,nan,139,nan,nan,nan,nan,nan,nan,WT,WT,nan,nan,IgA_IgG_vaccine_response,nan,Animal,tissue,nan,nan,nan,nan,Littermate_WT
CG140-140,0.0,2853.0,CGCTGGAT,GAGGTCTGTCTAGCATGCT,140,nan,nan,nan,CG140-140,nan,5/3/2014,F,mesenteric lymph nodes,nan,nan,nan,nan,nan,nan,nan,nan,nan,nan,nan,nan,nan,nan,nan,nan,nan,nan,nan,nan,814506,nan,nan,nan,nan,Littermate,Littermate,nan,nan,nan,nan,nan,nan,acerutti@imim.es,Andrea Cerutti,Andrea Cerutti,nan,All,nan,16S of mouse gut metagenome,nan,nan,140,nan,nan,nan,nan,nan,AMPLICON,16S,nan,nan,nan,nan,140,nan,nan,nan,140,nan,nan,nan,nan,140,nan,nan,nan,nan,nan,nan,nan,nan,140,nan,nan,nan,nan,nan,nan,WT,WT,nan,nan,IgA_IgG_vaccine_response,nan,Animal,tissue,nan,nan,nan,nan,Littermate_WT
CG141-141,0.0,1912.0,ATGGTTAG,GAAGGACTCTGAAGCGGCC,141,nan,nan,nan,CG141-141,nan,4/7/2014,M,mesenteric lymph nodes,nan,nan,nan,nan,nan,nan,nan,nan,nan,nan,nan,nan,nan,nan,nan,nan,nan,nan,nan,nan,814618,nan,nan,nan,nan,Littermate,Littermate,nan,nan,nan,nan,nan,nan,acerutti@imim.es,Andrea Cerutti,Andrea Cerutti,nan,All,nan,16S of mouse gut metagenome,nan,nan,141,nan,nan,nan,nan,nan,AMPLICON,16S,nan,nan,nan,nan,141,nan,nan,nan,141,nan,nan,nan,nan,141,nan,nan,nan,nan,nan,nan,nan,nan,141,nan,nan,nan,nan,nan,nan,WT,WT,nan,nan,IgA_IgG_vaccine_response,nan,Animal,tissue,nan,nan,nan,nan,Littermate_WT
CG142-142,0.0,2618.0,CTCACGGG,CGGGTCTCCTCCACGAGTT,142,nan,nan,nan,CG142-142,nan,5/11/2014,M,mesenteric lymph nodes,nan,nan,nan,nan,nan,nan,nan,nan,nan,nan,nan,nan,nan,nan,nan,nan,nan,nan,nan,nan,814523,nan,nan,nan,nan,Littermate,Littermate,nan,nan,nan,nan,nan,nan,acerutti@imim.es,Andrea Cerutti,Andrea Cerutti,nan,All,nan,16S of mouse gut metagenome,nan,nan,142,nan,nan,nan,nan,nan,AMPLICON,16S,nan,nan,nan,nan,142,nan,nan,nan,142,nan,nan,nan,nan,142,nan,nan,nan,nan,nan,nan,nan,nan,142,nan,nan,nan,nan,nan,nan,WT,WT,nan,nan,IgA_IgG_vaccine_response,nan,Animal,tissue,nan,nan,nan,nan,Littermate_WT
CG143-143,0.0,1791.0,TTGTCACG,CGAGCCCATGACCGACATC,143,nan,nan,nan,CG143-143,nan,5/11/2014,M,mesenteric lymph nodes,nan,nan,nan,nan,nan,nan,nan,nan,nan,nan,nan,nan,nan,nan,nan,nan,nan,nan,nan,nan,814523,nan,nan,nan,nan,Littermate,Littermate,nan,nan,nan,nan,nan,nan,acerutti@imim.es,Andrea Cerutti,Andrea Cerutti,nan,All,nan,16S of mouse gut metagenome,nan,nan,143,nan,nan,nan,nan,nan,AMPLICON,16S,nan,nan,nan,nan,143,nan,nan,nan,143,nan,nan,nan,nan,143,nan,nan,nan,nan,nan,nan,nan,nan,143,nan,nan,nan,nan,nan,nan,WT,WT,nan,nan,IgA_IgG_vaccine_response,nan,Animal,tissue,nan,nan,nan,nan,Littermate_WT
CG144-144,0.0,8014.0,TGCAGCCT,TCGGCAGATTATTCCGATC,144,nan,nan,nan,CG144-144,nan,4/20/2014,M,mesenteric lymph nodes,nan,nan,nan,nan,nan,nan,nan,nan,nan,nan,nan,nan,nan,nan,nan,nan,nan,nan,nan,nan,814502,nan,nan,nan,nan,Littermate,Littermate,nan,nan,nan,nan,nan,nan,acerutti@imim.es,Andrea Cerutti,Andrea Cerutti,nan,All,nan,16S of mouse gut metagenome,nan,nan,144,nan,nan,nan,nan,nan,AMPLICON,16S,nan,nan,nan,nan,144,nan,nan,nan,144,nan,nan,nan,nan,144,nan,nan,nan,nan,nan,nan,nan,nan,144,nan,nan,nan,nan,nan,nan,IgAKO,IgAKO,nan,nan,IgA_IgG_vaccine_response,nan,Animal,tissue,nan,nan,nan,nan,Littermate_IgAKO
CG145-145,0.0,1712.0,CGGAGGCA,AAAAGGAAATCACCGGGTG,145,nan,nan,nan,CG145-145,nan,4/20/2014,M,mesenteric lymph nodes,nan,nan,nan,nan,nan,nan,nan,nan,nan,nan,nan,nan,nan,nan,nan,nan,nan,nan,nan,nan,814502,nan,nan,nan,nan,Littermate,Littermate,nan,nan,nan,nan,nan,nan,acerutti@imim.es,Andrea Cerutti,Andrea Cerutti,nan,All,nan,16S of mouse gut metagenome,nan,nan,145,nan,nan,nan,nan,nan,AMPLICON,16S,nan,nan,nan,nan,145,nan,nan,nan,145,nan,nan,nan,nan,145,nan,nan,nan,nan,nan,nan,nan,nan,145,nan,nan,nan,nan,nan,nan,IgAKO,IgAKO,nan,nan,IgA_IgG_vaccine_response,nan,Animal,tissue,nan,nan,nan,nan,Littermate_IgAKO
CG146-146,0.0,4882.0,GATGCGGG,AGCGTCAAATTTTGAAGAA,146,nan,nan,nan,CG146-146,nan,5/3/2014,F,mesenteric lymph nodes,nan,nan,nan,nan,nan,nan,nan,nan,nan,nan,nan,nan,nan,nan,nan,nan,nan,nan,nan,nan,814506,nan,nan,nan,nan,Littermate,Littermate,nan,nan,nan,nan,nan,nan,acerutti@imim.es,Andrea Cerutti,Andrea Cerutti,nan,All,nan,16S of mouse gut metagenome,nan,nan,146,nan,nan,nan,nan,nan,AMPLICON,16S,nan,nan,nan,nan,146,nan,nan,nan,146,nan,nan,nan,nan,146,nan,nan,nan,nan,nan,nan,nan,nan,146,nan,nan,nan,nan,nan,nan,IgAKO,IgAKO,nan,nan,IgA_IgG_vaccine_response,nan,Animal,tissue,nan,nan,nan,nan,Littermate_IgAKO
CG147-147,0.0,25347.0,GTGCGTCG,CTGGTGATGTATTAGCCGC,147,nan,nan,nan,CG147-147,nan,4/7/2014,M,mesenteric lymph nodes,nan,nan,nan,nan,nan,nan,nan,nan,nan,nan,nan,nan,nan,nan,nan,nan,nan,nan,nan,nan,814618,nan,nan,nan,nan,Littermate,Littermate,nan,nan,nan,nan,nan,nan,acerutti@imim.es,Andrea Cerutti,Andrea Cerutti,nan,All,nan,16S of mouse gut metagenome,nan,nan,147,nan,nan,nan,nan,nan,AMPLICON,16S,nan,nan,nan,nan,147,nan,nan,nan,147,nan,nan,nan,nan,147,nan,nan,nan,nan,nan,nan,nan,nan,147,nan,nan,nan,nan,nan,nan,IgAKO,IgAKO,nan,nan,IgA_IgG_vaccine_response,nan,Animal,tissue,nan,nan,nan,nan,Littermate_IgAKO
CG148-148,0.0,6676.0,CGTGGTCT,TTTGCATGGTCTACTAGGA,148,nan,nan,nan,CG148-148,nan,5/11/2014,M,mesenteric lymph nodes,nan,nan,nan,nan,nan,nan,nan,nan,nan,nan,nan,nan,nan,nan,nan,nan,nan,nan,nan,nan,814523,nan,nan,nan,nan,Littermate,Littermate,nan,nan,nan,nan,nan,nan,acerutti@imim.es,Andrea Cerutti,Andrea Cerutti,nan,All,nan,16S of mouse gut metagenome,nan,nan,148,nan,nan,nan,nan,nan,AMPLICON,16S,nan,nan,nan,nan,148,nan,nan,nan,148,nan,nan,nan,nan,148,nan,nan,nan,nan,nan,nan,nan,nan,148,nan,nan,nan,nan,nan,nan,IgAKO,IgAKO,nan,nan,IgA_IgG_vaccine_response,nan,Animal,tissue,nan,nan,nan,nan,Littermate_IgAKO
CG149-149,0.0,11018.0,GAGTACAA,GTTTTGAGAATAGAATCGA,149,nan,nan,nan,CG149-149,nan,5/11/2014,M,mesenteric lymph nodes,nan,nan,nan,nan,nan,nan,nan,nan,nan,nan,nan,nan,nan,nan,nan,nan,nan,nan,nan,nan,814523,nan,nan,nan,nan,Littermate,Littermate,nan,nan,nan,nan,nan,nan,acerutti@imim.es,Andrea Cerutti,Andrea Cerutti,nan,All,nan,16S of mouse gut metagenome,nan,nan,149,nan,nan,nan,nan,nan,AMPLICON,16S,nan,nan,nan,nan,149,nan,nan,nan,149,nan,nan,nan,nan,149,nan,nan,nan,nan,nan,nan,nan,nan,149,nan,nan,nan,nan,nan,nan,IgAKO,IgAKO,nan,nan,IgA_IgG_vaccine_response,nan,Animal,tissue,nan,nan,nan,nan,Littermate_IgAKO
CG150-150,0.0,20707.0,ATACGACG,CTTCACACTCAGCACTGAC,150,nan,nan,nan,CG150-150,nan,4/7/2014,M,mesenteric lymph nodes,nan,nan,nan,nan,nan,nan,nan,nan,nan,nan,nan,nan,nan,nan,nan,nan,nan,nan,nan,nan,814618,nan,nan,nan,nan,Littermate,Littermate,nan,nan,nan,nan,nan,nan,acerutti@imim.es,Andrea Cerutti,Andrea Cerutti,nan,All,nan,16S of mouse gut metagenome,nan,nan,150,nan,nan,nan,nan,nan,AMPLICON,16S,nan,nan,nan,nan,150,nan,nan,nan,150,nan,nan,nan,nan,150,nan,nan,nan,nan,nan,nan,nan,nan,150,nan,nan,nan,nan,nan,nan,IgAKO,IgAKO,nan,nan,IgA_IgG_vaccine_response,nan,Animal,tissue,nan,nan,nan,nan,Littermate_IgAKO
CG151-151,0.0,7665.0,AATAAGTA,ATGGGATGTGATGGACGAA,151,nan,nan,nan,CG151-151,nan,6/7/2014,F,mesenteric lymph nodes,nan,nan,nan,nan,nan,nan,nan,nan,nan,nan,nan,nan,nan,nan,nan,nan,nan,nan,nan,nan,828814,nan,nan,nan,nan,non-co-housed,non-co-housed,nan,nan,nan,nan,nan,nan,acerutti@imim.es,Andrea Cerutti,Andrea Cerutti,nan,All,nan,16S of mouse gut metagenome,nan,nan,151,nan,nan,nan,nan,nan,AMPLICON,16S,nan,nan,nan,nan,151,nan,nan,nan,151,nan,nan,nan,nan,151,nan,nan,nan,nan,nan,nan,nan,nan,151,nan,nan,nan,nan,nan,nan,WT,WT,nan,nan,IgA_IgG_vaccine_response,nan,Animal,tissue,nan,nan,nan,nan,non-co-housed_WT
CG152-152,0.0,5963.0,AGTGCCGA,TAGCCCGAAAGGCTATACA,152,nan,nan,nan,CG152-152,nan,6/7/2014,F,mesenteric lymph nodes,nan,nan,nan,nan,nan,nan,nan,nan,nan,nan,nan,nan,nan,nan,nan,nan,nan,nan,nan,nan,828814,nan,nan,nan,nan,non-co-housed,non-co-housed,nan,nan,nan,nan,nan,nan,acerutti@imim.es,Andrea Cerutti,Andrea Cerutti,nan,All,nan,16S of mouse gut metagenome,nan,nan,152,nan,nan,nan,nan,nan,AMPLICON,16S,nan,nan,nan,nan,152,nan,nan,nan,152,nan,nan,nan,nan,152,nan,nan,nan,nan,nan,nan,nan,nan,152,nan,nan,nan,nan,nan,nan,WT,WT,nan,nan,IgA_IgG_vaccine_response,nan,Animal,tissue,nan,nan,nan,nan,non-co-housed_WT
CG153-153,0.0,18273.0,ATGAGGTC,CGGTAATAGGGCTGTGACA,153,nan,nan,nan,CG153-153,nan,6/7/2014,F,mesenteric lymph nodes,nan,nan,nan,nan,nan,nan,nan,nan,nan,nan,nan,nan,nan,nan,nan,nan,nan,nan,nan,nan,828814,nan,nan,nan,nan,non-co-housed,non-co-housed,nan,nan,nan,nan,nan,nan,acerutti@imim.es,Andrea Cerutti,Andrea Cerutti,nan,All,nan,16S of mouse gut metagenome,nan,nan,153,nan,nan,nan,nan,nan,AMPLICON,16S,nan,nan,nan,nan,153,nan,nan,nan,153,nan,nan,nan,nan,153,nan,nan,nan,nan,nan,nan,nan,nan,153,nan,nan,nan,nan,nan,nan,WT,WT,nan,nan,IgA_IgG_vaccine_response,nan,Animal,tissue,nan,nan,nan,nan,non-co-housed_WT
CG154-154,0.0,17720.0,CGTTCCTC,AGATCCCGTGAGGTGGATA,154,nan,nan,nan,CG154-154,nan,2/22/2015,M,mesenteric lymph nodes,nan,nan,nan,nan,nan,nan,nan,nan,nan,nan,nan,nan,nan,nan,nan,nan,nan,nan,nan,nan,899781,nan,nan,nan,nan,non-co-housed,non-co-housed,nan,nan,nan,nan,nan,nan,acerutti@imim.es,Andrea Cerutti,Andrea Cerutti,nan,All,nan,16S of mouse gut metagenome,nan,nan,154,nan,nan,nan,nan,nan,AMPLICON,16S,nan,nan,nan,nan,154,nan,nan,nan,154,nan,nan,nan,nan,154,nan,nan,nan,nan,nan,nan,nan,nan,154,nan,nan,nan,nan,nan,nan,WT,WT,nan,nan,IgA_IgG_vaccine_response,nan,Animal,tissue,nan,nan,nan,nan,non-co-housed_WT
CG155-155,0.0,5159.0,GGACACCA,AGTTAACAACCCGGCTGAA,155,nan,nan,nan,CG155-155,nan,2/22/2015,M,mesenteric lymph nodes,nan,nan,nan,nan,nan,nan,nan,nan,nan,nan,nan,nan,nan,nan,nan,nan,nan,nan,nan,nan,899781,nan,nan,nan,nan,non-co-housed,non-co-housed,nan,nan,nan,nan,nan,nan,acerutti@imim.es,Andrea Cerutti,Andrea Cerutti,nan,All,nan,16S of mouse gut metagenome,nan,nan,155,nan,nan,nan,nan,nan,AMPLICON,16S,nan,nan,nan,nan,155,nan,nan,nan,155,nan,nan,nan,nan,155,nan,nan,nan,nan,nan,nan,nan,nan,155,nan,nan,nan,nan,nan,nan,WT,WT,nan,nan,IgA_IgG_vaccine_response,nan,Animal,tissue,nan,nan,nan,nan,non-co-housed_WT
CG156-156,0.0,7203.0,AGGACTCA,GACCAGAGTCTTTTGTCCT,156,nan,nan,nan,CG156-156,nan,2/22/2015,M,mesenteric lymph nodes,nan,nan,nan,nan,nan,nan,nan,nan,nan,nan,nan,nan,nan,nan,nan,nan,nan,nan,nan,nan,899781,nan,nan,nan,nan,non-co-housed,non-co-housed,nan,nan,nan,nan,nan,nan,acerutti@imim.es,Andrea Cerutti,Andrea Cerutti,nan,All,nan,16S of mouse gut metagenome,nan,nan,156,nan,nan,nan,nan,nan,AMPLICON,16S,nan,nan,nan,nan,156,nan,nan,nan,156,nan,nan,nan,nan,156,nan,nan,nan,nan,nan,nan,nan,nan,156,nan,nan,nan,nan,nan,nan,WT,WT,nan,nan,IgA_IgG_vaccine_response,nan,Animal,tissue,nan,nan,nan,nan,non-co-housed_WT
CG157-157,0.0,14674.0,TGATGCAC,AAAGATGTACCCACGTGGT,157,nan,nan,nan,CG157-157,nan,2/26/2015,M,mesenteric lymph nodes,nan,nan,nan,nan,nan,nan,nan,nan,nan,nan,nan,nan,nan,nan,nan,nan,nan,nan,nan,nan,899773,nan,nan,nan,nan,non-co-housed,non-co-housed,nan,nan,nan,nan,nan,nan,acerutti@imim.es,Andrea Cerutti,Andrea Cerutti,nan,All,nan,16S of mouse gut metagenome,nan,nan,157,nan,nan,nan,nan,nan,AMPLICON,16S,nan,nan,nan,nan,157,nan,nan,nan,157,nan,nan,nan,nan,157,nan,nan,nan,nan,nan,nan,nan,nan,157,nan,nan,nan,nan,nan,nan,WT,WT,nan,nan,IgA_IgG_vaccine_response,nan,Animal,tissue,nan,nan,nan,nan,non-co-housed_WT
CG158-158,7.0,12977.0,CGCTATAG,CGCTAGAACGAAGTTAGTT,158,nan,nan,nan,CG158-158,nan,2/26/2015,M,mesenteric lymph nodes,nan,nan,nan,nan,nan,nan,nan,nan,nan,nan,nan,nan,nan,nan,nan,nan,nan,nan,nan,nan,899773,nan,nan,nan,nan,non-co-housed,non-co-housed,nan,nan,nan,nan,nan,nan,acerutti@imim.es,Andrea Cerutti,Andrea Cerutti,nan,All,nan,16S of mouse gut metagenome,nan,nan,158,nan,nan,nan,nan,nan,AMPLICON,16S,nan,nan,nan,nan,158,nan,nan,nan,158,nan,nan,nan,nan,158,nan,nan,nan,nan,nan,nan,nan,nan,158,nan,nan,nan,nan,nan,nan,WT,WT,nan,nan,IgA_IgG_vaccine_response,nan,Animal,tissue,nan,nan,nan,nan,non-co-housed_WT
CG159-159,0.0,28741.0,GCCCCTAT,GGATTCACGTATGGCCTTA,159,nan,nan,nan,CG159-159,nan,3/1/2015,M,mesenteric lymph nodes,nan,nan,nan,nan,nan,nan,nan,nan,nan,nan,nan,nan,nan,nan,nan,nan,nan,nan,nan,nan,899774,nan,nan,nan,nan,non-co-housed,non-co-housed,nan,nan,nan,nan,nan,nan,acerutti@imim.es,Andrea Cerutti,Andrea Cerutti,nan,All,nan,16S of mouse gut metagenome,nan,nan,159,nan,nan,nan,nan,nan,AMPLICON,16S,nan,nan,nan,nan,159,nan,nan,nan,159,nan,nan,nan,nan,159,nan,nan,nan,nan,nan,nan,nan,nan,159,nan,nan,nan,nan,nan,nan,WT,WT,nan,nan,IgA_IgG_vaccine_response,nan,Animal,tissue,nan,nan,nan,nan,non-co-housed_WT
CG160-160,0.0,4122.0,CGCGTTTG,GGAGGCCATATGACTTTTA,160,nan,nan,nan,CG160-160,nan,3/1/2015,M,mesenteric lymph nodes,nan,nan,nan,nan,nan,nan,nan,nan,nan,nan,nan,nan,nan,nan,nan,nan,nan,nan,nan,nan,899774,nan,nan,nan,nan,non-co-housed,non-co-housed,nan,nan,nan,nan,nan,nan,acerutti@imim.es,Andrea Cerutti,Andrea Cerutti,nan,All,nan,16S of mouse gut metagenome,nan,nan,160,nan,nan,nan,nan,nan,AMPLICON,16S,nan,nan,nan,nan,160,nan,nan,nan,160,nan,nan,nan,nan,160,nan,nan,nan,nan,nan,nan,nan,nan,160,nan,nan,nan,nan,nan,nan,WT,WT,nan,nan,IgA_IgG_vaccine_response,nan,Animal,tissue,nan,nan,nan,nan,non-co-housed_WT
CG161-161,0.0,9113.0,CTCAGAGT,CCCCAGGCCAAATCCAAAC,161,nan,nan,nan,CG161-161,nan,4/25/2014,M,mesenteric lymph nodes,nan,nan,nan,nan,nan,nan,nan,nan,nan,nan,nan,nan,nan,nan,nan,nan,nan,nan,nan,nan,814525,nan,nan,nan,nan,non-co-housed,non-co-housed,nan,nan,nan,nan,nan,nan,acerutti@imim.es,Andrea Cerutti,Andrea Cerutti,nan,All,nan,16S of mouse gut metagenome,nan,nan,161,nan,nan,nan,nan,nan,AMPLICON,16S,nan,nan,nan,nan,161,nan,nan,nan,161,nan,nan,nan,nan,161,nan,nan,nan,nan,nan,nan,nan,nan,161,nan,nan,nan,nan,nan,nan,IgAKO,IgAKO,nan,nan,IgA_IgG_vaccine_response,nan,Animal,tissue,nan,nan,nan,nan,non-co-housed_IgAKO
CG162-162,58.0,28175.0,GGTCGTTT,AGCAGGTTCCAACCTAATG,162,nan,nan,nan,CG162-162,nan,4/25/2014,M,mesenteric lymph nodes,nan,nan,nan,nan,nan,nan,nan,nan,nan,nan,nan,nan,nan,nan,nan,nan,nan,nan,nan,nan,814525,nan,nan,nan,nan,non-co-housed,non-co-housed,nan,nan,nan,nan,nan,nan,acerutti@imim.es,Andrea Cerutti,Andrea Cerutti,nan,All,nan,16S of mouse gut metagenome,nan,nan,162,nan,nan,nan,nan,nan,AMPLICON,16S,nan,nan,nan,nan,162,nan,nan,nan,162,nan,nan,nan,nan,162,nan,nan,nan,nan,nan,nan,nan,nan,162,nan,nan,nan,nan,nan,nan,IgAKO,IgAKO,nan,nan,IgA_IgG_vaccine_response,nan,Animal,tissue,nan,nan,nan,nan,non-co-housed_IgAKO
CG163-163,0.0,4100.0,AAGCATAA,ACTAACCTGGAGCGTTTCT,163,nan,nan,nan,CG163-163,nan,4/25/2014,M,mesenteric lymph nodes,nan,nan,nan,nan,nan,nan,nan,nan,nan,nan,nan,nan,nan,nan,nan,nan,nan,nan,nan,nan,814525,nan,nan,nan,nan,non-co-housed,non-co-housed,nan,nan,nan,nan,nan,nan,acerutti@imim.es,Andrea Cerutti,Andrea Cerutti,nan,All,nan,16S of mouse gut metagenome,nan,nan,163,nan,nan,nan,nan,nan,AMPLICON,16S,nan,nan,nan,nan,163,nan,nan,nan,163,nan,nan,nan,nan,163,nan,nan,nan,nan,nan,nan,nan,nan,163,nan,nan,nan,nan,nan,nan,IgAKO,IgAKO,nan,nan,IgA_IgG_vaccine_response,nan,Animal,tissue,nan,nan,nan,nan,non-co-housed_IgAKO
CG164-164,0.0,5113.0,GTTGTACC,CTCTCCCGGCCCTAAACTT,164,nan,nan,nan,CG164-164,nan,1/17/2015,F,mesenteric lymph nodes,nan,nan,nan,nan,nan,nan,nan,nan,nan,nan,nan,nan,nan,nan,nan,nan,nan,nan,nan,nan,875915,nan,nan,nan,nan,non-co-housed,non-co-housed,nan,nan,nan,nan,nan,nan,acerutti@imim.es,Andrea Cerutti,Andrea Cerutti,nan,All,nan,16S of mouse gut metagenome,nan,nan,164,nan,nan,nan,nan,nan,AMPLICON,16S,nan,nan,nan,nan,164,nan,nan,nan,164,nan,nan,nan,nan,164,nan,nan,nan,nan,nan,nan,nan,nan,164,nan,nan,nan,nan,nan,nan,IgAKO,IgAKO,nan,nan,IgA_IgG_vaccine_response,nan,Animal,tissue,nan,nan,nan,nan,non-co-housed_IgAKO
CG166-166,0.0,4376.0,CGTTGAAT,TACCACCATCTCCGCTAGT,166,nan,nan,nan,CG166-166,nan,1/17/2015,F,mesenteric lymph nodes,nan,nan,nan,nan,nan,nan,nan,nan,nan,nan,nan,nan,nan,nan,nan,nan,nan,nan,nan,nan,875915,nan,nan,nan,nan,non-co-housed,non-co-housed,nan,nan,nan,nan,nan,nan,acerutti@imim.es,Andrea Cerutti,Andrea Cerutti,nan,All,nan,16S of mouse gut metagenome,nan,nan,166,nan,nan,nan,nan,nan,AMPLICON,16S,nan,nan,nan,nan,166,nan,nan,nan,166,nan,nan,nan,nan,166,nan,nan,nan,nan,nan,nan,nan,nan,166,nan,nan,nan,nan,nan,nan,IgAKO,IgAKO,nan,nan,IgA_IgG_vaccine_response,nan,Animal,tissue,nan,nan,nan,nan,non-co-housed_IgAKO
CG167-167,0.0,20534.0,AATTCATA,CAACTGGCGAGCTCTATGC,167,nan,nan,nan,CG167-167,nan,12/13/2014,M,mesenteric lymph nodes,nan,nan,nan,nan,nan,nan,nan,nan,nan,nan,nan,nan,nan,nan,nan,nan,nan,nan,nan,nan,866116,nan,nan,nan,nan,non-co-housed,non-co-housed,nan,nan,nan,nan,nan,nan,acerutti@imim.es,Andrea Cerutti,Andrea Cerutti,nan,All,nan,16S of mouse gut metagenome,nan,nan,167,nan,nan,nan,nan,nan,AMPLICON,16S,nan,nan,nan,nan,167,nan,nan,nan,167,nan,nan,nan,nan,167,nan,nan,nan,nan,nan,nan,nan,nan,167,nan,nan,nan,nan,nan,nan,IgAKO,IgAKO,nan,nan,IgA_IgG_vaccine_response,nan,Animal,tissue,nan,nan,nan,nan,non-co-housed_IgAKO
CG168-168,17.0,23266.0,TAGATAAA,ACTAAATACCAAAGTTTAT,168,nan,nan,nan,CG168-168,nan,12/13/2014,M,mesenteric lymph nodes,nan,nan,nan,nan,nan,nan,nan,nan,nan,nan,nan,nan,nan,nan,nan,nan,nan,nan,nan,nan,866116,nan,nan,nan,nan,non-co-housed,non-co-housed,nan,nan,nan,nan,nan,nan,acerutti@imim.es,Andrea Cerutti,Andrea Cerutti,nan,All,nan,16S of mouse gut metagenome,nan,nan,168,nan,nan,nan,nan,nan,AMPLICON,16S,nan,nan,nan,nan,168,nan,nan,nan,168,nan,nan,nan,nan,168,nan,nan,nan,nan,nan,nan,nan,nan,168,nan,nan,nan,nan,nan,nan,IgAKO,IgAKO,nan,nan,IgA_IgG_vaccine_response,nan,Animal,tissue,nan,nan,nan,nan,non-co-housed_IgAKO
CG169-169,0.0,22756.0,GAGGGGCA,ATTATCGTCTAACCGCACA,169,nan,nan,nan,CG169-169,nan,12/13/2014,M,mesenteric lymph nodes,nan,nan,nan,nan,nan,nan,nan,nan,nan,nan,nan,nan,nan,nan,nan,nan,nan,nan,nan,nan,866116,nan,nan,nan,nan,non-co-housed,non-co-housed,nan,nan,nan,nan,nan,nan,acerutti@imim.es,Andrea Cerutti,Andrea Cerutti,nan,All,nan,16S of mouse gut metagenome,nan,nan,169,nan,nan,nan,nan,nan,AMPLICON,16S,nan,nan,nan,nan,169,nan,nan,nan,169,nan,nan,nan,nan,169,nan,nan,nan,nan,nan,nan,nan,nan,169,nan,nan,nan,nan,nan,nan,IgAKO,IgAKO,nan,nan,IgA_IgG_vaccine_response,nan,Animal,tissue,nan,nan,nan,nan,non-co-housed_IgAKO
CG170-170,0.0,2677.0,AACCTAGT,GGGACAACTGACGTCGCTG,170,nan,nan,nan,CG170-170,nan,2/3/2015,F,mesenteric lymph nodes,nan,nan,nan,nan,nan,nan,nan,nan,nan,nan,nan,nan,nan,nan,nan,nan,nan,nan,nan,nan,866141,nan,nan,nan,nan,non-co-housed,non-co-housed,nan,nan,nan,nan,nan,nan,acerutti@imim.es,Andrea Cerutti,Andrea Cerutti,nan,All,nan,16S of mouse gut metagenome,nan,nan,170,nan,nan,nan,nan,nan,AMPLICON,16S,nan,nan,nan,nan,170,nan,nan,nan,170,nan,nan,nan,nan,170,nan,nan,nan,nan,nan,nan,nan,nan,170,nan,nan,nan,nan,nan,nan,IgAKO,IgAKO,nan,nan,IgA_IgG_vaccine_response,nan,Animal,tissue,nan,nan,nan,nan,non-co-housed_IgAKO
CG171-171,0.0,641.0,CGTAAACC,GAGATGTCCTATGCGGGCT,171,nan,nan,nan,CG171-171,nan,nan,M,mesenteric lymph nodes,nan,nan,nan,nan,nan,nan,nan,nan,nan,nan,nan,nan,nan,nan,nan,nan,nan,nan,nan,nan,nan,nan,nan,nan,nan,nan,nan,nan,nan,nan,nan,nan,nan,acerutti@imim.es,Andrea Cerutti,Andrea Cerutti,nan,All,nan,16S of mouse gut metagenome,nan,nan,171,nan,nan,nan,nan,nan,AMPLICON,16S,nan,nan,nan,nan,171,nan,nan,nan,171,nan,nan,nan,nan,171,nan,nan,nan,nan,nan,nan,nan,nan,171,nan,nan,nan,nan,nan,nan,GF WT,GF WT,nan,nan,IgA_IgG_vaccine_response,nan,Animal,tissue,nan,nan,nan,nan,nan_GF WT
CG172-172,0.0,7638.0,TCCGGTTG,CTGTACGATGATGCTATTT,172,nan,nan,nan,CG172-172,nan,nan,M,mesenteric lymph nodes,nan,nan,nan,nan,nan,nan,nan,nan,nan,nan,nan,nan,nan,nan,nan,nan,nan,nan,nan,nan,nan,nan,nan,nan,nan,nan,nan,nan,nan,nan,nan,nan,nan,acerutti@imim.es,Andrea Cerutti,Andrea Cerutti,nan,All,nan,16S of mouse gut metagenome,nan,nan,172,nan,nan,nan,nan,nan,AMPLICON,16S,nan,nan,nan,nan,172,nan,nan,nan,172,nan,nan,nan,nan,172,nan,nan,nan,nan,nan,nan,nan,nan,172,nan,nan,nan,nan,nan,nan,GF WT,GF WT,nan,nan,IgA_IgG_vaccine_response,nan,Animal,tissue,nan,nan,nan,nan,nan_GF WT
