index,k__Bacteria,BarcodeSequence,LinkerPrimerSequence,Together,AliquotID,AliquotWeight,AliquotWeightUnit,AnimalSubjectID,AnimalWeight,BirthDate,Sex,SpecimenBodySite,UberonCodeBodySite,Company,ProductCode,ProductName,ChowEndDate,ChowStartDate,Biome,CollectionSiteName,CollectionSiteTechnician,Depth,Elevation,Environment,Feature,Latitude,Longitude,Material,ExperimentName,FacilityLocation,FacilityName,NumberOfCageCompanions,TankID,TankMaterial,TankShape,TypeOfBedding,TypeOfFacility,TypeOfHousing,Housing,HousingEndDate,HousingStartDate,BreedingProgram,EnvironmentalEnrichment,LightDarkCycle,Temperature,ContactEmail,ContactName,PrimaryInvestigator,ExampleMetaData,Separate,DaysSinceExperimentStart,RawDataNotes,RawDataDatePerformed,RawDataProcessor,RawDataProtocolID,FinishingStrategyCoverage,FinishingStrategyStatus,NumberOfContigs,Primer,RawDataConditions,SequencingMethod,TargetGene,ResultID,ResultsLocation,ResultsDatePerformed,ResultsProcessor,ResultsProtocolID,ResultsMethod,ResultsTool,ResultsToolVersion,MmedsSampleID,SampleWeight,SampleWeightUnit,SampleDatePerformed,SampleProcessor,SampleProtocolID,SampleProtocolNotes,SampleConditions,SampleTool,SampleToolVersion,SpeciesName,SpecimenCollectionDate,SpecimenCollectionMethod,SpecimenCollectionTime,SpecimenID,SpecimenNotes,SpecimenWeight,SpecimenWeightUnit,StorageFreezer,StorageInstitution,StrainID,StrainName,Strain,StrainProducer,RelevantLinks,StudyName,StudyType,SubjectType,SpecimenType,UberonCodeType,VendorLocation,VendorName,VendorStrainInfo,HousingStrainSubgroup
CG34-34,36094.0,ATAGGTCA,TGGTCCAAAGCATCGTCTA,34,nan,nan,nan,CG34-34,nan,4/20/2014,M,small intestine,nan,nan,nan,nan,nan,nan,nan,nan,nan,nan,nan,nan,nan,nan,nan,nan,nan,nan,nan,nan,814502,nan,nan,nan,nan,Littermate,Littermate,nan,nan,nan,nan,nan,nan,acerutti@imim.es,Andrea Cerutti,Andrea Cerutti,nan,All,nan,16S of mouse gut metagenome,nan,nan,34,nan,nan,nan,nan,nan,AMPLICON,16S,nan,nan,nan,nan,34,nan,nan,nan,34,nan,nan,nan,nan,34,nan,nan,nan,nan,nan,nan,nan,nan,34,nan,nan,nan,nan,nan,nan,WT,WT,nan,nan,IgA_IgG_vaccine_response,nan,Animal,feces,nan,nan,nan,nan,Littermate_WT
CG35-35,48327.0,GCGGTTGT,ATCTGGAGCCCTTAGCGCG,35,nan,nan,nan,CG35-35,nan,4/20/2014,M,small intestine,nan,nan,nan,nan,nan,nan,nan,nan,nan,nan,nan,nan,nan,nan,nan,nan,nan,nan,nan,nan,814502,nan,nan,nan,nan,Littermate,Littermate,nan,nan,nan,nan,nan,nan,acerutti@imim.es,Andrea Cerutti,Andrea Cerutti,nan,All,nan,16S of mouse gut metagenome,nan,nan,35,nan,nan,nan,nan,nan,AMPLICON,16S,nan,nan,nan,nan,35,nan,nan,nan,35,nan,nan,nan,nan,35,nan,nan,nan,nan,nan,nan,nan,nan,35,nan,nan,nan,nan,nan,nan,WT,WT,nan,nan,IgA_IgG_vaccine_response,nan,Animal,feces,nan,nan,nan,nan,Littermate_WT
CG36-36,26128.0,TCCCATTG,GCTCTTTCAATTTATAGAA,36,nan,nan,nan,CG36-36,nan,5/3/2014,F,small intestine,nan,nan,nan,nan,nan,nan,nan,nan,nan,nan,nan,nan,nan,nan,nan,nan,nan,nan,nan,nan,814506,nan,nan,nan,nan,Littermate,Littermate,nan,nan,nan,nan,nan,nan,acerutti@imim.es,Andrea Cerutti,Andrea Cerutti,nan,All,nan,16S of mouse gut metagenome,nan,nan,36,nan,nan,nan,nan,nan,AMPLICON,16S,nan,nan,nan,nan,36,nan,nan,nan,36,nan,nan,nan,nan,36,nan,nan,nan,nan,nan,nan,nan,nan,36,nan,nan,nan,nan,nan,nan,WT,WT,nan,nan,IgA_IgG_vaccine_response,nan,Animal,feces,nan,nan,nan,nan,Littermate_WT
CG37-37,13496.0,CACGGTCA,CGGGCTATAGAGATTCGCA,37,nan,nan,nan,CG37-37,nan,4/7/2014,M,small intestine,nan,nan,nan,nan,nan,nan,nan,nan,nan,nan,nan,nan,nan,nan,nan,nan,nan,nan,nan,nan,814618,nan,nan,nan,nan,Littermate,Littermate,nan,nan,nan,nan,nan,nan,acerutti@imim.es,Andrea Cerutti,Andrea Cerutti,nan,All,nan,16S of mouse gut metagenome,nan,nan,37,nan,nan,nan,nan,nan,AMPLICON,16S,nan,nan,nan,nan,37,nan,nan,nan,37,nan,nan,nan,nan,37,nan,nan,nan,nan,nan,nan,nan,nan,37,nan,nan,nan,nan,nan,nan,WT,WT,nan,nan,IgA_IgG_vaccine_response,nan,Animal,feces,nan,nan,nan,nan,Littermate_WT
CG38-38,48753.0,GCCATTCT,GAATTGCTCCGAACTTATT,38,nan,nan,nan,CG38-38,nan,5/11/2014,M,small intestine,nan,nan,nan,nan,nan,nan,nan,nan,nan,nan,nan,nan,nan,nan,nan,nan,nan,nan,nan,nan,814523,nan,nan,nan,nan,Littermate,Littermate,nan,nan,nan,nan,nan,nan,acerutti@imim.es,Andrea Cerutti,Andrea Cerutti,nan,All,nan,16S of mouse gut metagenome,nan,nan,38,nan,nan,nan,nan,nan,AMPLICON,16S,nan,nan,nan,nan,38,nan,nan,nan,38,nan,nan,nan,nan,38,nan,nan,nan,nan,nan,nan,nan,nan,38,nan,nan,nan,nan,nan,nan,WT,WT,nan,nan,IgA_IgG_vaccine_response,nan,Animal,feces,nan,nan,nan,nan,Littermate_WT
CG39-39,35995.0,ATCTTTTA,CCTATTACTTATATGCACA,39,nan,nan,nan,CG39-39,nan,5/11/2014,M,small intestine,nan,nan,nan,nan,nan,nan,nan,nan,nan,nan,nan,nan,nan,nan,nan,nan,nan,nan,nan,nan,814523,nan,nan,nan,nan,Littermate,Littermate,nan,nan,nan,nan,nan,nan,acerutti@imim.es,Andrea Cerutti,Andrea Cerutti,nan,All,nan,16S of mouse gut metagenome,nan,nan,39,nan,nan,nan,nan,nan,AMPLICON,16S,nan,nan,nan,nan,39,nan,nan,nan,39,nan,nan,nan,nan,39,nan,nan,nan,nan,nan,nan,nan,nan,39,nan,nan,nan,nan,nan,nan,WT,WT,nan,nan,IgA_IgG_vaccine_response,nan,Animal,feces,nan,nan,nan,nan,Littermate_WT
CG47-47,33283.0,ACCACCAT,CCGTGGCTGCCCTTCCAAA,47,nan,nan,nan,CG47-47,nan,6/7/2014,F,small intestine,nan,nan,nan,nan,nan,nan,nan,nan,nan,nan,nan,nan,nan,nan,nan,nan,nan,nan,nan,nan,828814,nan,nan,nan,nan,non-co-housed,non-co-housed,nan,nan,nan,nan,nan,nan,acerutti@imim.es,Andrea Cerutti,Andrea Cerutti,nan,All,nan,16S of mouse gut metagenome,nan,nan,47,nan,nan,nan,nan,nan,AMPLICON,16S,nan,nan,nan,nan,47,nan,nan,nan,47,nan,nan,nan,nan,47,nan,nan,nan,nan,nan,nan,nan,nan,47,nan,nan,nan,nan,nan,nan,WT,WT,nan,nan,IgA_IgG_vaccine_response,nan,Animal,feces,nan,nan,nan,nan,non-co-housed_WT
CG48-48,28792.0,CCTGTGTA,ACTTCCGATCTTTAAGCTA,48,nan,nan,nan,CG48-48,nan,6/7/2014,F,small intestine,nan,nan,nan,nan,nan,nan,nan,nan,nan,nan,nan,nan,nan,nan,nan,nan,nan,nan,nan,nan,828814,nan,nan,nan,nan,non-co-housed,non-co-housed,nan,nan,nan,nan,nan,nan,acerutti@imim.es,Andrea Cerutti,Andrea Cerutti,nan,All,nan,16S of mouse gut metagenome,nan,nan,48,nan,nan,nan,nan,nan,AMPLICON,16S,nan,nan,nan,nan,48,nan,nan,nan,48,nan,nan,nan,nan,48,nan,nan,nan,nan,nan,nan,nan,nan,48,nan,nan,nan,nan,nan,nan,WT,WT,nan,nan,IgA_IgG_vaccine_response,nan,Animal,feces,nan,nan,nan,nan,non-co-housed_WT
CG49-49,37986.0,TCAGTTGT,AAGGGTTCCTGTAAAGCAG,49,nan,nan,nan,CG49-49,nan,6/7/2014,F,small intestine,nan,nan,nan,nan,nan,nan,nan,nan,nan,nan,nan,nan,nan,nan,nan,nan,nan,nan,nan,nan,828814,nan,nan,nan,nan,non-co-housed,non-co-housed,nan,nan,nan,nan,nan,nan,acerutti@imim.es,Andrea Cerutti,Andrea Cerutti,nan,All,nan,16S of mouse gut metagenome,nan,nan,49,nan,nan,nan,nan,nan,AMPLICON,16S,nan,nan,nan,nan,49,nan,nan,nan,49,nan,nan,nan,nan,49,nan,nan,nan,nan,nan,nan,nan,nan,49,nan,nan,nan,nan,nan,nan,WT,WT,nan,nan,IgA_IgG_vaccine_response,nan,Animal,feces,nan,nan,nan,nan,non-co-housed_WT
CG50-50,20367.0,AGATACGG,TGTGAAAATCCTTCTCCTA,50,nan,nan,nan,CG50-50,nan,2/22/2015,M,small intestine,nan,nan,nan,nan,nan,nan,nan,nan,nan,nan,nan,nan,nan,nan,nan,nan,nan,nan,nan,nan,899781,nan,nan,nan,nan,non-co-housed,non-co-housed,nan,nan,nan,nan,nan,nan,acerutti@imim.es,Andrea Cerutti,Andrea Cerutti,nan,All,nan,16S of mouse gut metagenome,nan,nan,50,nan,nan,nan,nan,nan,AMPLICON,16S,nan,nan,nan,nan,50,nan,nan,nan,50,nan,nan,nan,nan,50,nan,nan,nan,nan,nan,nan,nan,nan,50,nan,nan,nan,nan,nan,nan,WT,WT,nan,nan,IgA_IgG_vaccine_response,nan,Animal,feces,nan,nan,nan,nan,non-co-housed_WT
CG51-51,20386.0,ATAATTTT,TTGTACCAATCCTACCAGG,51,nan,nan,nan,CG51-51,nan,2/22/2015,M,small intestine,nan,nan,nan,nan,nan,nan,nan,nan,nan,nan,nan,nan,nan,nan,nan,nan,nan,nan,nan,nan,899781,nan,nan,nan,nan,non-co-housed,non-co-housed,nan,nan,nan,nan,nan,nan,acerutti@imim.es,Andrea Cerutti,Andrea Cerutti,nan,All,nan,16S of mouse gut metagenome,nan,nan,51,nan,nan,nan,nan,nan,AMPLICON,16S,nan,nan,nan,nan,51,nan,nan,nan,51,nan,nan,nan,nan,51,nan,nan,nan,nan,nan,nan,nan,nan,51,nan,nan,nan,nan,nan,nan,WT,WT,nan,nan,IgA_IgG_vaccine_response,nan,Animal,feces,nan,nan,nan,nan,non-co-housed_WT
CG52-52,20418.0,TAAGGCAT,GAAACGGATGGAATATTCC,52,nan,nan,nan,CG52-52,nan,2/22/2015,M,small intestine,nan,nan,nan,nan,nan,nan,nan,nan,nan,nan,nan,nan,nan,nan,nan,nan,nan,nan,nan,nan,899781,nan,nan,nan,nan,non-co-housed,non-co-housed,nan,nan,nan,nan,nan,nan,acerutti@imim.es,Andrea Cerutti,Andrea Cerutti,nan,All,nan,16S of mouse gut metagenome,nan,nan,52,nan,nan,nan,nan,nan,AMPLICON,16S,nan,nan,nan,nan,52,nan,nan,nan,52,nan,nan,nan,nan,52,nan,nan,nan,nan,nan,nan,nan,nan,52,nan,nan,nan,nan,nan,nan,WT,WT,nan,nan,IgA_IgG_vaccine_response,nan,Animal,feces,nan,nan,nan,nan,non-co-housed_WT
CG53-53,22894.0,TTGCCTGT,CCTCACAGAGTGGGGTCCG,53,nan,nan,nan,CG53-53,nan,2/26/2015,M,small intestine,nan,nan,nan,nan,nan,nan,nan,nan,nan,nan,nan,nan,nan,nan,nan,nan,nan,nan,nan,nan,899773,nan,nan,nan,nan,non-co-housed,non-co-housed,nan,nan,nan,nan,nan,nan,acerutti@imim.es,Andrea Cerutti,Andrea Cerutti,nan,All,nan,16S of mouse gut metagenome,nan,nan,53,nan,nan,nan,nan,nan,AMPLICON,16S,nan,nan,nan,nan,53,nan,nan,nan,53,nan,nan,nan,nan,53,nan,nan,nan,nan,nan,nan,nan,nan,53,nan,nan,nan,nan,nan,nan,WT,WT,nan,nan,IgA_IgG_vaccine_response,nan,Animal,feces,nan,nan,nan,nan,non-co-housed_WT
CG54-54,25082.0,AAAGGACT,TGGAGGCTAGCCCGTGTAC,54,nan,nan,nan,CG54-54,nan,2/26/2015,M,small intestine,nan,nan,nan,nan,nan,nan,nan,nan,nan,nan,nan,nan,nan,nan,nan,nan,nan,nan,nan,nan,899773,nan,nan,nan,nan,non-co-housed,non-co-housed,nan,nan,nan,nan,nan,nan,acerutti@imim.es,Andrea Cerutti,Andrea Cerutti,nan,All,nan,16S of mouse gut metagenome,nan,nan,54,nan,nan,nan,nan,nan,AMPLICON,16S,nan,nan,nan,nan,54,nan,nan,nan,54,nan,nan,nan,nan,54,nan,nan,nan,nan,nan,nan,nan,nan,54,nan,nan,nan,nan,nan,nan,WT,WT,nan,nan,IgA_IgG_vaccine_response,nan,Animal,feces,nan,nan,nan,nan,non-co-housed_WT
CG55-55,22165.0,TTAGACTC,CTTTGGAAGTAGTGATTCT,55,nan,nan,nan,CG55-55,nan,3/1/2015,M,small intestine,nan,nan,nan,nan,nan,nan,nan,nan,nan,nan,nan,nan,nan,nan,nan,nan,nan,nan,nan,nan,899774,nan,nan,nan,nan,non-co-housed,non-co-housed,nan,nan,nan,nan,nan,nan,acerutti@imim.es,Andrea Cerutti,Andrea Cerutti,nan,All,nan,16S of mouse gut metagenome,nan,nan,55,nan,nan,nan,nan,nan,AMPLICON,16S,nan,nan,nan,nan,55,nan,nan,nan,55,nan,nan,nan,nan,55,nan,nan,nan,nan,nan,nan,nan,nan,55,nan,nan,nan,nan,nan,nan,WT,WT,nan,nan,IgA_IgG_vaccine_response,nan,Animal,feces,nan,nan,nan,nan,non-co-housed_WT
CG56-56,21563.0,GTATGACA,GCGAGTAATCTATGTGCAG,56,nan,nan,nan,CG56-56,nan,3/1/2015,M,small intestine,nan,nan,nan,nan,nan,nan,nan,nan,nan,nan,nan,nan,nan,nan,nan,nan,nan,nan,nan,nan,899774,nan,nan,nan,nan,non-co-housed,non-co-housed,nan,nan,nan,nan,nan,nan,acerutti@imim.es,Andrea Cerutti,Andrea Cerutti,nan,All,nan,16S of mouse gut metagenome,nan,nan,56,nan,nan,nan,nan,nan,AMPLICON,16S,nan,nan,nan,nan,56,nan,nan,nan,56,nan,nan,nan,nan,56,nan,nan,nan,nan,nan,nan,nan,nan,56,nan,nan,nan,nan,nan,nan,WT,WT,nan,nan,IgA_IgG_vaccine_response,nan,Animal,feces,nan,nan,nan,nan,non-co-housed_WT
