index,Unassigned,k__Bacteria,BarcodeSequence,LinkerPrimerSequence,Separate,Strain,Together,AliquotID,AliquotWeight,AliquotWeightUnit,AnimalSubjectID,AnimalWeight,BirthDate,Sex,SpecimenBodySite,UberonCodeBodySite,Company,ProductCode,ProductName,ChowEndDate,ChowStartDate,Biome,CollectionSiteName,CollectionSiteTechnician,Depth,Elevation,Environment,Feature,Latitude,Longitude,Material,ExperimentName,FacilityLocation,FacilityName,NumberOfCageCompanions,TankID,TankMaterial,TankShape,TypeOfBedding,TypeOfFacility,TypeOfHousing,HousingEndDate,HousingStartDate,BreedingProgram,EnvironmentalEnrichment,LightDarkCycle,Temperature,ContactEmail,ContactName,PrimaryInvestigator,ExampleMetaData,Housing,DaysSinceExperimentStart,RawDataNotes,RawDataDatePerformed,RawDataProcessor,RawDataProtocolID,FinishingStrategyCoverage,FinishingStrategyStatus,NumberOfContigs,Primer,RawDataConditions,SequencingMethod,TargetGene,ResultID,ResultsLocation,ResultsDatePerformed,ResultsProcessor,ResultsProtocolID,ResultsMethod,ResultsTool,ResultsToolVersion,MmedsSampleID,SampleWeight,SampleWeightUnit,SampleDatePerformed,SampleProcessor,SampleProtocolID,SampleProtocolNotes,SampleConditions,SampleTool,SampleToolVersion,SpeciesName,SpecimenCollectionDate,SpecimenCollectionMethod,SpecimenCollectionTime,SpecimenID,SpecimenNotes,SpecimenWeight,SpecimenWeightUnit,StorageFreezer,StorageInstitution,StrainID,StrainName,StrainProducer,RelevantLinks,StudyName,StudyType,SubjectType,SpecimenType,UberonCodeType,VendorLocation,VendorName,VendorStrainInfo
CG100-100,12.0,11729.0,TGAAGGAC,TGTCCTGTCCGCCCACCCC,All,WT,100,nan,nan,nan,100,nan,nan,nan,spleen,nan,nan,nan,nan,nan,nan,nan,nan,nan,nan,nan,nan,nan,nan,nan,nan,nan,nan,nan,nan,nan,nan,nan,nan,nan,Littermate,nan,nan,nan,nan,nan,nan,acerutti@imim.es,Andrea Cerutti,Andrea Cerutti,nan,Littermate,nan,16S of mouse gut metagenome,nan,nan,100,nan,nan,nan,nan,nan,AMPLICON,16S,nan,nan,nan,nan,100,nan,nan,nan,100,nan,nan,nan,nan,100,nan,nan,nan,nan,nan,nan,nan,nan,100,nan,nan,nan,nan,nan,nan,WT,nan,nan,IgA_IgG_vaccine_response_new,nan,Animal,tissue,nan,nan,nan,nan
CG101-101,0.0,4372.0,AAACCGCC,TCTGATTGTCCAGGGCGTT,All,WT,101,nan,nan,nan,101,nan,nan,nan,spleen,nan,nan,nan,nan,nan,nan,nan,nan,nan,nan,nan,nan,nan,nan,nan,nan,nan,nan,nan,nan,nan,nan,nan,nan,nan,Littermate,nan,nan,nan,nan,nan,nan,acerutti@imim.es,Andrea Cerutti,Andrea Cerutti,nan,Littermate,nan,16S of mouse gut metagenome,nan,nan,101,nan,nan,nan,nan,nan,AMPLICON,16S,nan,nan,nan,nan,101,nan,nan,nan,101,nan,nan,nan,nan,101,nan,nan,nan,nan,nan,nan,nan,nan,101,nan,nan,nan,nan,nan,nan,WT,nan,nan,IgA_IgG_vaccine_response_new,nan,Animal,tissue,nan,nan,nan,nan
CG102-102,0.0,1692.0,GCCAACAT,GCTGGACACATAAGACCCG,All,WT,102,nan,nan,nan,102,nan,nan,nan,spleen,nan,nan,nan,nan,nan,nan,nan,nan,nan,nan,nan,nan,nan,nan,nan,nan,nan,nan,nan,nan,nan,nan,nan,nan,nan,Littermate,nan,nan,nan,nan,nan,nan,acerutti@imim.es,Andrea Cerutti,Andrea Cerutti,nan,Littermate,nan,16S of mouse gut metagenome,nan,nan,102,nan,nan,nan,nan,nan,AMPLICON,16S,nan,nan,nan,nan,102,nan,nan,nan,102,nan,nan,nan,nan,102,nan,nan,nan,nan,nan,nan,nan,nan,102,nan,nan,nan,nan,nan,nan,WT,nan,nan,IgA_IgG_vaccine_response_new,nan,Animal,tissue,nan,nan,nan,nan
CG103-103,0.0,10325.0,ATATTCGG,GTGCATATTTGTATAGCTT,All,WT,103,nan,nan,nan,103,nan,nan,nan,spleen,nan,nan,nan,nan,nan,nan,nan,nan,nan,nan,nan,nan,nan,nan,nan,nan,nan,nan,nan,nan,nan,nan,nan,nan,nan,Littermate,nan,nan,nan,nan,nan,nan,acerutti@imim.es,Andrea Cerutti,Andrea Cerutti,nan,Littermate,nan,16S of mouse gut metagenome,nan,nan,103,nan,nan,nan,nan,nan,AMPLICON,16S,nan,nan,nan,nan,103,nan,nan,nan,103,nan,nan,nan,nan,103,nan,nan,nan,nan,nan,nan,nan,nan,103,nan,nan,nan,nan,nan,nan,WT,nan,nan,IgA_IgG_vaccine_response_new,nan,Animal,tissue,nan,nan,nan,nan
CG105-105,0.0,4252.0,AGGCACAT,GGATCCTTGCTATTCTTCG,All,WT,105,nan,nan,nan,105,nan,nan,nan,spleen,nan,nan,nan,nan,nan,nan,nan,nan,nan,nan,nan,nan,nan,nan,nan,nan,nan,nan,nan,nan,nan,nan,nan,nan,nan,Littermate,nan,nan,nan,nan,nan,nan,acerutti@imim.es,Andrea Cerutti,Andrea Cerutti,nan,Littermate,nan,16S of mouse gut metagenome,nan,nan,105,nan,nan,nan,nan,nan,AMPLICON,16S,nan,nan,nan,nan,105,nan,nan,nan,105,nan,nan,nan,nan,105,nan,nan,nan,nan,nan,nan,nan,nan,105,nan,nan,nan,nan,nan,nan,WT,nan,nan,IgA_IgG_vaccine_response_new,nan,Animal,tissue,nan,nan,nan,nan
CG106-106,0.0,6682.0,GCGCTCTC,GGCTTCTCGGGCCTCCAGG,All,IgAKO,106,nan,nan,nan,106,nan,nan,nan,spleen,nan,nan,nan,nan,nan,nan,nan,nan,nan,nan,nan,nan,nan,nan,nan,nan,nan,nan,nan,nan,nan,nan,nan,nan,nan,Littermate,nan,nan,nan,nan,nan,nan,acerutti@imim.es,Andrea Cerutti,Andrea Cerutti,nan,Littermate,nan,16S of mouse gut metagenome,nan,nan,106,nan,nan,nan,nan,nan,AMPLICON,16S,nan,nan,nan,nan,106,nan,nan,nan,106,nan,nan,nan,nan,106,nan,nan,nan,nan,nan,nan,nan,nan,106,nan,nan,nan,nan,nan,nan,IgAKO,nan,nan,IgA_IgG_vaccine_response_new,nan,Animal,tissue,nan,nan,nan,nan
CG107-107,0.0,7517.0,TACGTCGG,GAGGTCAAGATGTGCAAGA,All,IgAKO,107,nan,nan,nan,107,nan,nan,nan,spleen,nan,nan,nan,nan,nan,nan,nan,nan,nan,nan,nan,nan,nan,nan,nan,nan,nan,nan,nan,nan,nan,nan,nan,nan,nan,Littermate,nan,nan,nan,nan,nan,nan,acerutti@imim.es,Andrea Cerutti,Andrea Cerutti,nan,Littermate,nan,16S of mouse gut metagenome,nan,nan,107,nan,nan,nan,nan,nan,AMPLICON,16S,nan,nan,nan,nan,107,nan,nan,nan,107,nan,nan,nan,nan,107,nan,nan,nan,nan,nan,nan,nan,nan,107,nan,nan,nan,nan,nan,nan,IgAKO,nan,nan,IgA_IgG_vaccine_response_new,nan,Animal,tissue,nan,nan,nan,nan
CG108-108,0.0,9250.0,ACGATGCC,GGGAATCCCAGGGTTAAAG,All,IgAKO,108,nan,nan,nan,108,nan,nan,nan,spleen,nan,nan,nan,nan,nan,nan,nan,nan,nan,nan,nan,nan,nan,nan,nan,nan,nan,nan,nan,nan,nan,nan,nan,nan,nan,Littermate,nan,nan,nan,nan,nan,nan,acerutti@imim.es,Andrea Cerutti,Andrea Cerutti,nan,Littermate,nan,16S of mouse gut metagenome,nan,nan,108,nan,nan,nan,nan,nan,AMPLICON,16S,nan,nan,nan,nan,108,nan,nan,nan,108,nan,nan,nan,nan,108,nan,nan,nan,nan,nan,nan,nan,nan,108,nan,nan,nan,nan,nan,nan,IgAKO,nan,nan,IgA_IgG_vaccine_response_new,nan,Animal,tissue,nan,nan,nan,nan
CG109-109,22.0,7077.0,GGGCCTAA,TAATAACTAGCTTTGACTA,All,IgAKO,109,nan,nan,nan,109,nan,nan,nan,spleen,nan,nan,nan,nan,nan,nan,nan,nan,nan,nan,nan,nan,nan,nan,nan,nan,nan,nan,nan,nan,nan,nan,nan,nan,nan,Littermate,nan,nan,nan,nan,nan,nan,acerutti@imim.es,Andrea Cerutti,Andrea Cerutti,nan,Littermate,nan,16S of mouse gut metagenome,nan,nan,109,nan,nan,nan,nan,nan,AMPLICON,16S,nan,nan,nan,nan,109,nan,nan,nan,109,nan,nan,nan,nan,109,nan,nan,nan,nan,nan,nan,nan,nan,109,nan,nan,nan,nan,nan,nan,IgAKO,nan,nan,IgA_IgG_vaccine_response_new,nan,Animal,tissue,nan,nan,nan,nan
CG110-110,0.0,5765.0,CAGTCCGA,TTCACGTAGGAGAACGTTA,All,IgAKO,110,nan,nan,nan,110,nan,nan,nan,spleen,nan,nan,nan,nan,nan,nan,nan,nan,nan,nan,nan,nan,nan,nan,nan,nan,nan,nan,nan,nan,nan,nan,nan,nan,nan,Littermate,nan,nan,nan,nan,nan,nan,acerutti@imim.es,Andrea Cerutti,Andrea Cerutti,nan,Littermate,nan,16S of mouse gut metagenome,nan,nan,110,nan,nan,nan,nan,nan,AMPLICON,16S,nan,nan,nan,nan,110,nan,nan,nan,110,nan,nan,nan,nan,110,nan,nan,nan,nan,nan,nan,nan,nan,110,nan,nan,nan,nan,nan,nan,IgAKO,nan,nan,IgA_IgG_vaccine_response_new,nan,Animal,tissue,nan,nan,nan,nan
CG111-111,0.0,6049.0,GTACTAAC,GGATCATTACTCTTCTAGA,All,IgAKO,111,nan,nan,nan,111,nan,nan,nan,spleen,nan,nan,nan,nan,nan,nan,nan,nan,nan,nan,nan,nan,nan,nan,nan,nan,nan,nan,nan,nan,nan,nan,nan,nan,nan,Littermate,nan,nan,nan,nan,nan,nan,acerutti@imim.es,Andrea Cerutti,Andrea Cerutti,nan,Littermate,nan,16S of mouse gut metagenome,nan,nan,111,nan,nan,nan,nan,nan,AMPLICON,16S,nan,nan,nan,nan,111,nan,nan,nan,111,nan,nan,nan,nan,111,nan,nan,nan,nan,nan,nan,nan,nan,111,nan,nan,nan,nan,nan,nan,IgAKO,nan,nan,IgA_IgG_vaccine_response_new,nan,Animal,tissue,nan,nan,nan,nan
CG112-112,19.0,15134.0,TCTATGCT,ACCTGCTATGTCTGGCTTA,All,IgAKO,112,nan,nan,nan,112,nan,nan,nan,spleen,nan,nan,nan,nan,nan,nan,nan,nan,nan,nan,nan,nan,nan,nan,nan,nan,nan,nan,nan,nan,nan,nan,nan,nan,nan,Littermate,nan,nan,nan,nan,nan,nan,acerutti@imim.es,Andrea Cerutti,Andrea Cerutti,nan,Littermate,nan,16S of mouse gut metagenome,nan,nan,112,nan,nan,nan,nan,nan,AMPLICON,16S,nan,nan,nan,nan,112,nan,nan,nan,112,nan,nan,nan,nan,112,nan,nan,nan,nan,nan,nan,nan,nan,112,nan,nan,nan,nan,nan,nan,IgAKO,nan,nan,IgA_IgG_vaccine_response_new,nan,Animal,tissue,nan,nan,nan,nan
CG113-113,0.0,8145.0,CCTCGACT,TAGACCACAGAGGGGAAAG,All,WT,113,nan,nan,nan,113,nan,nan,nan,spleen,nan,nan,nan,nan,nan,nan,nan,nan,nan,nan,nan,nan,nan,nan,nan,nan,nan,nan,nan,nan,nan,nan,nan,nan,nan,non-co-housed,nan,nan,nan,nan,nan,nan,acerutti@imim.es,Andrea Cerutti,Andrea Cerutti,nan,non-co-housed,nan,16S of mouse gut metagenome,nan,nan,113,nan,nan,nan,nan,nan,AMPLICON,16S,nan,nan,nan,nan,113,nan,nan,nan,113,nan,nan,nan,nan,113,nan,nan,nan,nan,nan,nan,nan,nan,113,nan,nan,nan,nan,nan,nan,WT,nan,nan,IgA_IgG_vaccine_response_new,nan,Animal,tissue,nan,nan,nan,nan
CG114-114,0.0,4706.0,AGGAGTCC,TCATTCGTATATGCTAGAA,All,WT,114,nan,nan,nan,114,nan,nan,nan,spleen,nan,nan,nan,nan,nan,nan,nan,nan,nan,nan,nan,nan,nan,nan,nan,nan,nan,nan,nan,nan,nan,nan,nan,nan,nan,non-co-housed,nan,nan,nan,nan,nan,nan,acerutti@imim.es,Andrea Cerutti,Andrea Cerutti,nan,non-co-housed,nan,16S of mouse gut metagenome,nan,nan,114,nan,nan,nan,nan,nan,AMPLICON,16S,nan,nan,nan,nan,114,nan,nan,nan,114,nan,nan,nan,nan,114,nan,nan,nan,nan,nan,nan,nan,nan,114,nan,nan,nan,nan,nan,nan,WT,nan,nan,IgA_IgG_vaccine_response_new,nan,Animal,tissue,nan,nan,nan,nan
CG115-115,723.0,5640.0,TGAGACAA,TTGGTCGGAAAAGCGGGGG,All,WT,115,nan,nan,nan,115,nan,nan,nan,spleen,nan,nan,nan,nan,nan,nan,nan,nan,nan,nan,nan,nan,nan,nan,nan,nan,nan,nan,nan,nan,nan,nan,nan,nan,nan,non-co-housed,nan,nan,nan,nan,nan,nan,acerutti@imim.es,Andrea Cerutti,Andrea Cerutti,nan,non-co-housed,nan,16S of mouse gut metagenome,nan,nan,115,nan,nan,nan,nan,nan,AMPLICON,16S,nan,nan,nan,nan,115,nan,nan,nan,115,nan,nan,nan,nan,115,nan,nan,nan,nan,nan,nan,nan,nan,115,nan,nan,nan,nan,nan,nan,WT,nan,nan,IgA_IgG_vaccine_response_new,nan,Animal,tissue,nan,nan,nan,nan
CG116-116,0.0,18899.0,AATTGATG,AGTAGCTGAGGACATTTTT,All,WT,116,nan,nan,nan,116,nan,nan,nan,spleen,nan,nan,nan,nan,nan,nan,nan,nan,nan,nan,nan,nan,nan,nan,nan,nan,nan,nan,nan,nan,nan,nan,nan,nan,nan,non-co-housed,nan,nan,nan,nan,nan,nan,acerutti@imim.es,Andrea Cerutti,Andrea Cerutti,nan,non-co-housed,nan,16S of mouse gut metagenome,nan,nan,116,nan,nan,nan,nan,nan,AMPLICON,16S,nan,nan,nan,nan,116,nan,nan,nan,116,nan,nan,nan,nan,116,nan,nan,nan,nan,nan,nan,nan,nan,116,nan,nan,nan,nan,nan,nan,WT,nan,nan,IgA_IgG_vaccine_response_new,nan,Animal,tissue,nan,nan,nan,nan
CG117-117,10.0,4001.0,TTCTATGT,TATGACGGCAGGAATAACG,All,WT,117,nan,nan,nan,117,nan,nan,nan,spleen,nan,nan,nan,nan,nan,nan,nan,nan,nan,nan,nan,nan,nan,nan,nan,nan,nan,nan,nan,nan,nan,nan,nan,nan,nan,non-co-housed,nan,nan,nan,nan,nan,nan,acerutti@imim.es,Andrea Cerutti,Andrea Cerutti,nan,non-co-housed,nan,16S of mouse gut metagenome,nan,nan,117,nan,nan,nan,nan,nan,AMPLICON,16S,nan,nan,nan,nan,117,nan,nan,nan,117,nan,nan,nan,nan,117,nan,nan,nan,nan,nan,nan,nan,nan,117,nan,nan,nan,nan,nan,nan,WT,nan,nan,IgA_IgG_vaccine_response_new,nan,Animal,tissue,nan,nan,nan,nan
CG118-118,0.0,7368.0,ATCTACGA,TTTGACTATATGAAGTGCT,All,WT,118,nan,nan,nan,118,nan,nan,nan,spleen,nan,nan,nan,nan,nan,nan,nan,nan,nan,nan,nan,nan,nan,nan,nan,nan,nan,nan,nan,nan,nan,nan,nan,nan,nan,non-co-housed,nan,nan,nan,nan,nan,nan,acerutti@imim.es,Andrea Cerutti,Andrea Cerutti,nan,non-co-housed,nan,16S of mouse gut metagenome,nan,nan,118,nan,nan,nan,nan,nan,AMPLICON,16S,nan,nan,nan,nan,118,nan,nan,nan,118,nan,nan,nan,nan,118,nan,nan,nan,nan,nan,nan,nan,nan,118,nan,nan,nan,nan,nan,nan,WT,nan,nan,IgA_IgG_vaccine_response_new,nan,Animal,tissue,nan,nan,nan,nan
CG119-119,0.0,1442.0,CGCCAATT,AGTTGATGCATGAAGAATA,All,WT,119,nan,nan,nan,119,nan,nan,nan,spleen,nan,nan,nan,nan,nan,nan,nan,nan,nan,nan,nan,nan,nan,nan,nan,nan,nan,nan,nan,nan,nan,nan,nan,nan,nan,non-co-housed,nan,nan,nan,nan,nan,nan,acerutti@imim.es,Andrea Cerutti,Andrea Cerutti,nan,non-co-housed,nan,16S of mouse gut metagenome,nan,nan,119,nan,nan,nan,nan,nan,AMPLICON,16S,nan,nan,nan,nan,119,nan,nan,nan,119,nan,nan,nan,nan,119,nan,nan,nan,nan,nan,nan,nan,nan,119,nan,nan,nan,nan,nan,nan,WT,nan,nan,IgA_IgG_vaccine_response_new,nan,Animal,tissue,nan,nan,nan,nan
CG120-120,26.0,14092.0,CCGACATA,AGTACCCTCGGAAGGTAGA,All,WT,120,nan,nan,nan,120,nan,nan,nan,spleen,nan,nan,nan,nan,nan,nan,nan,nan,nan,nan,nan,nan,nan,nan,nan,nan,nan,nan,nan,nan,nan,nan,nan,nan,nan,non-co-housed,nan,nan,nan,nan,nan,nan,acerutti@imim.es,Andrea Cerutti,Andrea Cerutti,nan,non-co-housed,nan,16S of mouse gut metagenome,nan,nan,120,nan,nan,nan,nan,nan,AMPLICON,16S,nan,nan,nan,nan,120,nan,nan,nan,120,nan,nan,nan,nan,120,nan,nan,nan,nan,nan,nan,nan,nan,120,nan,nan,nan,nan,nan,nan,WT,nan,nan,IgA_IgG_vaccine_response_new,nan,Animal,tissue,nan,nan,nan,nan
CG121-121,0.0,11988.0,AGCTGCGG,TTTAAGCGTGAGCATCACC,All,WT,121,nan,nan,nan,121,nan,nan,nan,spleen,nan,nan,nan,nan,nan,nan,nan,nan,nan,nan,nan,nan,nan,nan,nan,nan,nan,nan,nan,nan,nan,nan,nan,nan,nan,non-co-housed,nan,nan,nan,nan,nan,nan,acerutti@imim.es,Andrea Cerutti,Andrea Cerutti,nan,non-co-housed,nan,16S of mouse gut metagenome,nan,nan,121,nan,nan,nan,nan,nan,AMPLICON,16S,nan,nan,nan,nan,121,nan,nan,nan,121,nan,nan,nan,nan,121,nan,nan,nan,nan,nan,nan,nan,nan,121,nan,nan,nan,nan,nan,nan,WT,nan,nan,IgA_IgG_vaccine_response_new,nan,Animal,tissue,nan,nan,nan,nan
CG122-122,0.0,3166.0,CGCCTAGG,GCTTCGGGATGTCGCTGAT,All,WT,122,nan,nan,nan,122,nan,nan,nan,spleen,nan,nan,nan,nan,nan,nan,nan,nan,nan,nan,nan,nan,nan,nan,nan,nan,nan,nan,nan,nan,nan,nan,nan,nan,nan,non-co-housed,nan,nan,nan,nan,nan,nan,acerutti@imim.es,Andrea Cerutti,Andrea Cerutti,nan,non-co-housed,nan,16S of mouse gut metagenome,nan,nan,122,nan,nan,nan,nan,nan,AMPLICON,16S,nan,nan,nan,nan,122,nan,nan,nan,122,nan,nan,nan,nan,122,nan,nan,nan,nan,nan,nan,nan,nan,122,nan,nan,nan,nan,nan,nan,WT,nan,nan,IgA_IgG_vaccine_response_new,nan,Animal,tissue,nan,nan,nan,nan
CG123-123,0.0,2666.0,ACGTCGCA,ACTGACGGCTATCAAACCC,All,IgAKO,123,nan,nan,nan,123,nan,nan,nan,spleen,nan,nan,nan,nan,nan,nan,nan,nan,nan,nan,nan,nan,nan,nan,nan,nan,nan,nan,nan,nan,nan,nan,nan,nan,nan,non-co-housed,nan,nan,nan,nan,nan,nan,acerutti@imim.es,Andrea Cerutti,Andrea Cerutti,nan,non-co-housed,nan,16S of mouse gut metagenome,nan,nan,123,nan,nan,nan,nan,nan,AMPLICON,16S,nan,nan,nan,nan,123,nan,nan,nan,123,nan,nan,nan,nan,123,nan,nan,nan,nan,nan,nan,nan,nan,123,nan,nan,nan,nan,nan,nan,IgAKO,nan,nan,IgA_IgG_vaccine_response_new,nan,Animal,tissue,nan,nan,nan,nan
CG124-124,0.0,6335.0,AGAACCAT,TGTTAAGTTCGTTTAAATC,All,IgAKO,124,nan,nan,nan,124,nan,nan,nan,spleen,nan,nan,nan,nan,nan,nan,nan,nan,nan,nan,nan,nan,nan,nan,nan,nan,nan,nan,nan,nan,nan,nan,nan,nan,nan,non-co-housed,nan,nan,nan,nan,nan,nan,acerutti@imim.es,Andrea Cerutti,Andrea Cerutti,nan,non-co-housed,nan,16S of mouse gut metagenome,nan,nan,124,nan,nan,nan,nan,nan,AMPLICON,16S,nan,nan,nan,nan,124,nan,nan,nan,124,nan,nan,nan,nan,124,nan,nan,nan,nan,nan,nan,nan,nan,124,nan,nan,nan,nan,nan,nan,IgAKO,nan,nan,IgA_IgG_vaccine_response_new,nan,Animal,tissue,nan,nan,nan,nan
CG125-125,3.0,11792.0,TCGTTATA,AAACTAGGTTAATTGGCGG,All,IgAKO,125,nan,nan,nan,125,nan,nan,nan,spleen,nan,nan,nan,nan,nan,nan,nan,nan,nan,nan,nan,nan,nan,nan,nan,nan,nan,nan,nan,nan,nan,nan,nan,nan,nan,non-co-housed,nan,nan,nan,nan,nan,nan,acerutti@imim.es,Andrea Cerutti,Andrea Cerutti,nan,non-co-housed,nan,16S of mouse gut metagenome,nan,nan,125,nan,nan,nan,nan,nan,AMPLICON,16S,nan,nan,nan,nan,125,nan,nan,nan,125,nan,nan,nan,nan,125,nan,nan,nan,nan,nan,nan,nan,nan,125,nan,nan,nan,nan,nan,nan,IgAKO,nan,nan,IgA_IgG_vaccine_response_new,nan,Animal,tissue,nan,nan,nan,nan
CG126-126,0.0,32922.0,GCAAACCC,TCAAGAGACCTTGGAACAT,All,IgAKO,126,nan,nan,nan,126,nan,nan,nan,spleen,nan,nan,nan,nan,nan,nan,nan,nan,nan,nan,nan,nan,nan,nan,nan,nan,nan,nan,nan,nan,nan,nan,nan,nan,nan,non-co-housed,nan,nan,nan,nan,nan,nan,acerutti@imim.es,Andrea Cerutti,Andrea Cerutti,nan,non-co-housed,nan,16S of mouse gut metagenome,nan,nan,126,nan,nan,nan,nan,nan,AMPLICON,16S,nan,nan,nan,nan,126,nan,nan,nan,126,nan,nan,nan,nan,126,nan,nan,nan,nan,nan,nan,nan,nan,126,nan,nan,nan,nan,nan,nan,IgAKO,nan,nan,IgA_IgG_vaccine_response_new,nan,Animal,tissue,nan,nan,nan,nan
CG127-127,0.0,4917.0,GCCCGTAT,AACACATACTCTCACGATC,All,IgAKO,127,nan,nan,nan,127,nan,nan,nan,spleen,nan,nan,nan,nan,nan,nan,nan,nan,nan,nan,nan,nan,nan,nan,nan,nan,nan,nan,nan,nan,nan,nan,nan,nan,nan,non-co-housed,nan,nan,nan,nan,nan,nan,acerutti@imim.es,Andrea Cerutti,Andrea Cerutti,nan,non-co-housed,nan,16S of mouse gut metagenome,nan,nan,127,nan,nan,nan,nan,nan,AMPLICON,16S,nan,nan,nan,nan,127,nan,nan,nan,127,nan,nan,nan,nan,127,nan,nan,nan,nan,nan,nan,nan,nan,127,nan,nan,nan,nan,nan,nan,IgAKO,nan,nan,IgA_IgG_vaccine_response_new,nan,Animal,tissue,nan,nan,nan,nan
CG128-128,0.0,11906.0,ACCACATG,TTTCTAAGGTCCTCCAAAG,All,IgAKO,128,nan,nan,nan,128,nan,nan,nan,spleen,nan,nan,nan,nan,nan,nan,nan,nan,nan,nan,nan,nan,nan,nan,nan,nan,nan,nan,nan,nan,nan,nan,nan,nan,nan,non-co-housed,nan,nan,nan,nan,nan,nan,acerutti@imim.es,Andrea Cerutti,Andrea Cerutti,nan,non-co-housed,nan,16S of mouse gut metagenome,nan,nan,128,nan,nan,nan,nan,nan,AMPLICON,16S,nan,nan,nan,nan,128,nan,nan,nan,128,nan,nan,nan,nan,128,nan,nan,nan,nan,nan,nan,nan,nan,128,nan,nan,nan,nan,nan,nan,IgAKO,nan,nan,IgA_IgG_vaccine_response_new,nan,Animal,tissue,nan,nan,nan,nan
CG129-129,0.0,3537.0,TGTATCTG,CGTCCAGAAGCCTATAATT,All,IgAKO,129,nan,nan,nan,129,nan,nan,nan,spleen,nan,nan,nan,nan,nan,nan,nan,nan,nan,nan,nan,nan,nan,nan,nan,nan,nan,nan,nan,nan,nan,nan,nan,nan,nan,non-co-housed,nan,nan,nan,nan,nan,nan,acerutti@imim.es,Andrea Cerutti,Andrea Cerutti,nan,non-co-housed,nan,16S of mouse gut metagenome,nan,nan,129,nan,nan,nan,nan,nan,AMPLICON,16S,nan,nan,nan,nan,129,nan,nan,nan,129,nan,nan,nan,nan,129,nan,nan,nan,nan,nan,nan,nan,nan,129,nan,nan,nan,nan,nan,nan,IgAKO,nan,nan,IgA_IgG_vaccine_response_new,nan,Animal,tissue,nan,nan,nan,nan
CG130-130,0.0,370.0,CGGCGCAC,CGCGCGACTTGTTCACATT,All,IgAKO,130,nan,nan,nan,130,nan,nan,nan,spleen,nan,nan,nan,nan,nan,nan,nan,nan,nan,nan,nan,nan,nan,nan,nan,nan,nan,nan,nan,nan,nan,nan,nan,nan,nan,non-co-housed,nan,nan,nan,nan,nan,nan,acerutti@imim.es,Andrea Cerutti,Andrea Cerutti,nan,non-co-housed,nan,16S of mouse gut metagenome,nan,nan,130,nan,nan,nan,nan,nan,AMPLICON,16S,nan,nan,nan,nan,130,nan,nan,nan,130,nan,nan,nan,nan,130,nan,nan,nan,nan,nan,nan,nan,nan,130,nan,nan,nan,nan,nan,nan,IgAKO,nan,nan,IgA_IgG_vaccine_response_new,nan,Animal,tissue,nan,nan,nan,nan
CG131-131,0.0,344.0,GTTGCGGA,AATGCCGGTGATTGAACTC,All,IgAKO,131,nan,nan,nan,131,nan,nan,nan,spleen,nan,nan,nan,nan,nan,nan,nan,nan,nan,nan,nan,nan,nan,nan,nan,nan,nan,nan,nan,nan,nan,nan,nan,nan,nan,non-co-housed,nan,nan,nan,nan,nan,nan,acerutti@imim.es,Andrea Cerutti,Andrea Cerutti,nan,non-co-housed,nan,16S of mouse gut metagenome,nan,nan,131,nan,nan,nan,nan,nan,AMPLICON,16S,nan,nan,nan,nan,131,nan,nan,nan,131,nan,nan,nan,nan,131,nan,nan,nan,nan,nan,nan,nan,nan,131,nan,nan,nan,nan,nan,nan,IgAKO,nan,nan,IgA_IgG_vaccine_response_new,nan,Animal,tissue,nan,nan,nan,nan
CG132-132,0.0,666.0,CGGGTTGT,CGGTTATTGAAGACGCAGT,All,IgAKO,132,nan,nan,nan,132,nan,nan,nan,spleen,nan,nan,nan,nan,nan,nan,nan,nan,nan,nan,nan,nan,nan,nan,nan,nan,nan,nan,nan,nan,nan,nan,nan,nan,nan,non-co-housed,nan,nan,nan,nan,nan,nan,acerutti@imim.es,Andrea Cerutti,Andrea Cerutti,nan,non-co-housed,nan,16S of mouse gut metagenome,nan,nan,132,nan,nan,nan,nan,nan,AMPLICON,16S,nan,nan,nan,nan,132,nan,nan,nan,132,nan,nan,nan,nan,132,nan,nan,nan,nan,nan,nan,nan,nan,132,nan,nan,nan,nan,nan,nan,IgAKO,nan,nan,IgA_IgG_vaccine_response_new,nan,Animal,tissue,nan,nan,nan,nan
CG133-133,0.0,6464.0,CGTGACGC,CTCTGCTTATCTGGCGTCG,All,GF WT,133,nan,nan,nan,133,nan,nan,nan,spleen,nan,nan,nan,nan,nan,nan,nan,nan,nan,nan,nan,nan,nan,nan,nan,nan,nan,nan,nan,nan,nan,nan,nan,nan,nan,nan,nan,nan,nan,nan,nan,nan,acerutti@imim.es,Andrea Cerutti,Andrea Cerutti,nan,nan,nan,16S of mouse gut metagenome,nan,nan,133,nan,nan,nan,nan,nan,AMPLICON,16S,nan,nan,nan,nan,133,nan,nan,nan,133,nan,nan,nan,nan,133,nan,nan,nan,nan,nan,nan,nan,nan,133,nan,nan,nan,nan,nan,nan,GF WT,nan,nan,IgA_IgG_vaccine_response_new,nan,Animal,tissue,nan,nan,nan,nan
CG134-134,0.0,2929.0,TGGGATAT,TATTATTCCGTGTTGACAG,All,GF WT,134,nan,nan,nan,134,nan,nan,nan,spleen,nan,nan,nan,nan,nan,nan,nan,nan,nan,nan,nan,nan,nan,nan,nan,nan,nan,nan,nan,nan,nan,nan,nan,nan,nan,nan,nan,nan,nan,nan,nan,nan,acerutti@imim.es,Andrea Cerutti,Andrea Cerutti,nan,nan,nan,16S of mouse gut metagenome,nan,nan,134,nan,nan,nan,nan,nan,AMPLICON,16S,nan,nan,nan,nan,134,nan,nan,nan,134,nan,nan,nan,nan,134,nan,nan,nan,nan,nan,nan,nan,nan,134,nan,nan,nan,nan,nan,nan,GF WT,nan,nan,IgA_IgG_vaccine_response_new,nan,Animal,tissue,nan,nan,nan,nan
CG135-135,0.0,3113.0,CTCCGACG,GCAACTATCCACATGGCGC,All,GF WT,135,nan,nan,nan,135,nan,nan,nan,spleen,nan,nan,nan,nan,nan,nan,nan,nan,nan,nan,nan,nan,nan,nan,nan,nan,nan,nan,nan,nan,nan,nan,nan,nan,nan,nan,nan,nan,nan,nan,nan,nan,acerutti@imim.es,Andrea Cerutti,Andrea Cerutti,nan,nan,nan,16S of mouse gut metagenome,nan,nan,135,nan,nan,nan,nan,nan,AMPLICON,16S,nan,nan,nan,nan,135,nan,nan,nan,135,nan,nan,nan,nan,135,nan,nan,nan,nan,nan,nan,nan,nan,135,nan,nan,nan,nan,nan,nan,GF WT,nan,nan,IgA_IgG_vaccine_response_new,nan,Animal,tissue,nan,nan,nan,nan
CG136-136,0.0,3772.0,AGGGTTAT,GTGAGGGGTCAGACGCCGC,All,GF WT,136,nan,nan,nan,136,nan,nan,nan,spleen,nan,nan,nan,nan,nan,nan,nan,nan,nan,nan,nan,nan,nan,nan,nan,nan,nan,nan,nan,nan,nan,nan,nan,nan,nan,nan,nan,nan,nan,nan,nan,nan,acerutti@imim.es,Andrea Cerutti,Andrea Cerutti,nan,nan,nan,16S of mouse gut metagenome,nan,nan,136,nan,nan,nan,nan,nan,AMPLICON,16S,nan,nan,nan,nan,136,nan,nan,nan,136,nan,nan,nan,nan,136,nan,nan,nan,nan,nan,nan,nan,nan,136,nan,nan,nan,nan,nan,nan,GF WT,nan,nan,IgA_IgG_vaccine_response_new,nan,Animal,tissue,nan,nan,nan,nan
CG137-137,4.0,11370.0,GCACAAAA,ATGTAGGTGTAATACCCTG,All,GF WT,137,nan,nan,nan,137,nan,nan,nan,spleen,nan,nan,nan,nan,nan,nan,nan,nan,nan,nan,nan,nan,nan,nan,nan,nan,nan,nan,nan,nan,nan,nan,nan,nan,nan,nan,nan,nan,nan,nan,nan,nan,acerutti@imim.es,Andrea Cerutti,Andrea Cerutti,nan,nan,nan,16S of mouse gut metagenome,nan,nan,137,nan,nan,nan,nan,nan,AMPLICON,16S,nan,nan,nan,nan,137,nan,nan,nan,137,nan,nan,nan,nan,137,nan,nan,nan,nan,nan,nan,nan,nan,137,nan,nan,nan,nan,nan,nan,GF WT,nan,nan,IgA_IgG_vaccine_response_new,nan,Animal,tissue,nan,nan,nan,nan
